The system is: Linux - 5.10.0-285.2.v2403.ky10p.aarch64 - aarch64
Compiling the C compiler identification source file "CMakeCCompilerId.c" succeeded.
Compiler: /work_ssd/software/HPCKit/25.2.1/compiler/bisheng/bin/clang 
Build flags: 
Id flags:  

The output was:
0


Compilation of the C compiler identification source "CMakeCCompilerId.c" produced "a.out"

The C compiler identification is Clang, found in "/home/share/daizhe/qhz/uTaskTree_v5/build/CMakeFiles/3.22.0/CompilerIdC/a.out"

Compiling the CXX compiler identification source file "CMakeCXXCompilerId.cpp" succeeded.
Compiler: /work_ssd/software/HPCKit/25.2.1/compiler/bisheng/bin/clang++ 
Build flags: -march=armv8-a+sve
Id flags:  

The output was:
0


Compilation of the CXX compiler identification source "CMakeCXXCompilerId.cpp" produced "a.out"

The CXX compiler identification is Clang, found in "/home/share/daizhe/qhz/uTaskTree_v5/build/CMakeFiles/3.22.0/CompilerIdCXX/a.out"

Detecting C compiler ABI info compiled with the following output:
Change Dir: /home/share/daizhe/qhz/uTaskTree_v5/build/CMakeFiles/CMakeTmp

Run Build Command(s):/usr/bin/gmake -f Makefile cmTC_70e2d/fast && /usr/bin/gmake  -f CMakeFiles/cmTC_70e2d.dir/build.make CMakeFiles/cmTC_70e2d.dir/build
gmake[1]: Entering directory '/home/share/daizhe/qhz/uTaskTree_v5/build/CMakeFiles/CMakeTmp'
Building C object CMakeFiles/cmTC_70e2d.dir/CMakeCCompilerABI.c.o
/work_ssd/software/HPCKit/25.2.1/compiler/bisheng/bin/clang   -v -MD -MT CMakeFiles/cmTC_70e2d.dir/CMakeCCompilerABI.c.o -MF CMakeFiles/cmTC_70e2d.dir/CMakeCCompilerABI.c.o.d -o CMakeFiles/cmTC_70e2d.dir/CMakeCCompilerABI.c.o -c /usr/share/cmake/Modules/CMakeCCompilerABI.c
BiSheng Enterprise 5.0.0.2 clang version 19.1.7 (ec639bb0a2f0)
Target: aarch64-unknown-linux-gnu
Thread model: posix
InstalledDir: /work_ssd/software/HPCKit/25.2.1/compiler/bisheng/bin
Found candidate GCC installation: /usr/lib/gcc/aarch64-linux-gnu/10.3.1
Selected GCC installation: /usr/lib/gcc/aarch64-linux-gnu/10.3.1
Candidate multilib: .;@m64
Selected multilib: .;@m64
 (in-process)
 "/work_ssd/software/HPCKit/25.2.1/compiler/bisheng/bin/clang-19" -cc1 -triple aarch64-unknown-linux-gnu -emit-obj -disable-free -clear-ast-before-backend -disable-llvm-verifier -discard-value-names -main-file-name CMakeCCompilerABI.c -mrelocation-model pic -pic-level 2 -pic-is-pie -mframe-pointer=non-leaf -conservative-aliasing -fmath-errno -ffp-contract=fast -fno-rounding-math -mconstructor-aliases -funwind-tables=2 -target-cpu generic -target-feature +v8a -target-feature +fp-armv8 -target-feature +neon -mcompatible-sme-check -target-abi aapcs -debugger-tuning=gdb -fdebug-compilation-dir=/home/share/daizhe/qhz/uTaskTree_v5/build/CMakeFiles/CMakeTmp -v -fcoverage-compilation-dir=/home/share/daizhe/qhz/uTaskTree_v5/build/CMakeFiles/CMakeTmp -resource-dir /work_ssd/software/HPCKit/25.2.1/compiler/bisheng/lib/clang/19 -dependency-file CMakeFiles/cmTC_70e2d.dir/CMakeCCompilerABI.c.o.d -MT CMakeFiles/cmTC_70e2d.dir/CMakeCCompilerABI.c.o -sys-header-deps -I/work_ssd/software/HPCKit/25.2.1/kutacc/bisheng/include -I/work_ssd/software/HPCKit/25.2.1/kuqcd/bisheng/include -I/work_ssd/software/HPCKit/25.2.1/kupl/bisheng/release/include -I/work_ssd/software/HPCKit/25.2.1/kudnn/bisheng/include -I/work_ssd/software/HPCKit/25.2.1/kml/bisheng/include -I. -internal-isystem /work_ssd/software/HPCKit/25.2.1/compiler/bisheng/lib/clang/19/include -internal-isystem /usr/local/include -internal-isystem /usr/lib/gcc/aarch64-linux-gnu/10.3.1/../../../../aarch64-linux-gnu/include -internal-externc-isystem /include -internal-externc-isystem /usr/include -ferror-limit 19 -fno-signed-char -fgnuc-version=4.2.1 -fskip-odr-check-in-gmf -target-feature -fmv -faddrsig -D__GCC_HAVE_DWARF2_CFI_ASM=1 -o CMakeFiles/cmTC_70e2d.dir/CMakeCCompilerABI.c.o -x c /usr/share/cmake/Modules/CMakeCCompilerABI.c
clang -cc1 version 19.1.7 based upon LLVM 19.1.7 default target aarch64-unknown-linux-gnu
ignoring nonexistent directory "/usr/lib/gcc/aarch64-linux-gnu/10.3.1/../../../../aarch64-linux-gnu/include"
ignoring nonexistent directory "/include"
#include "..." search starts here:
#include <...> search starts here:
 /work_ssd/software/HPCKit/25.2.1/kutacc/bisheng/include
 /work_ssd/software/HPCKit/25.2.1/kuqcd/bisheng/include
 /work_ssd/software/HPCKit/25.2.1/kupl/bisheng/release/include
 /work_ssd/software/HPCKit/25.2.1/kudnn/bisheng/include
 /work_ssd/software/HPCKit/25.2.1/kml/bisheng/include
 .
 /work_ssd/software/HPCKit/25.2.1/compiler/bisheng/lib/clang/19/include
 /usr/local/include
 /usr/include
End of search list.
Linking C executable cmTC_70e2d
/usr/bin/cmake -E cmake_link_script CMakeFiles/cmTC_70e2d.dir/link.txt --verbose=1
/work_ssd/software/HPCKit/25.2.1/compiler/bisheng/bin/clang  -v -rdynamic CMakeFiles/cmTC_70e2d.dir/CMakeCCompilerABI.c.o -o cmTC_70e2d 
BiSheng Enterprise 5.0.0.2 clang version 19.1.7 (ec639bb0a2f0)
Target: aarch64-unknown-linux-gnu
Thread model: posix
InstalledDir: /work_ssd/software/HPCKit/25.2.1/compiler/bisheng/bin
Found candidate GCC installation: /usr/lib/gcc/aarch64-linux-gnu/10.3.1
Selected GCC installation: /usr/lib/gcc/aarch64-linux-gnu/10.3.1
Candidate multilib: .;@m64
Selected multilib: .;@m64
 "/usr/bin/ld" -EL --hash-style=gnu --eh-frame-hdr -m aarch64linux -export-dynamic -pie -dynamic-linker /lib/ld-linux-aarch64.so.1 -o cmTC_70e2d /usr/lib/gcc/aarch64-linux-gnu/10.3.1/../../../../lib64/Scrt1.o /usr/lib/gcc/aarch64-linux-gnu/10.3.1/../../../../lib64/crti.o /usr/lib/gcc/aarch64-linux-gnu/10.3.1/crtbeginS.o -L/work_ssd/software/HPCKit/25.2.1/compiler/bisheng/bin/../lib/aarch64-unknown-linux-gnu -L/work_ssd/software/HPCKit/25.2.1/compiler/bisheng/lib/clang/19/lib/aarch64-unknown-linux-gnu -L/usr/lib/gcc/aarch64-linux-gnu/10.3.1 -L/usr/lib/gcc/aarch64-linux-gnu/10.3.1/../../../../lib64 -L/lib/aarch64-linux-gnu -L/lib/../lib64 -L/usr/lib/aarch64-linux-gnu -L/usr/lib/../lib64 -L/work_ssd/software/HPCKit/25.2.1/compiler/bisheng/bin/../lib -L/lib -L/usr/lib -L/work_ssd/software/HPCKit/25.2.1/kutacc/bisheng/lib -L/work_ssd/software/HPCKit/25.2.1/kuqcd/bisheng/lib -L/work_ssd/software/HPCKit/25.2.1/kupl/bisheng/release/lib -L/work_ssd/software/HPCKit/25.2.1/kudnn/bisheng/lib -L/work_ssd/software/HPCKit/25.2.1/kml/bisheng/lib/sme/kblas/multi -L/work_ssd/software/HPCKit/25.2.1/kml/bisheng/lib/neon -L/work_ssd/software/HPCKit/25.2.1/kml/bisheng/lib/noarch -L/work_ssd/software/HPCKit/25.2.1/kml/bisheng/lib/noarch/kvml/single -L/work_ssd/software/HPCKit/25.2.1/kml/bisheng/lib/neon/kspblas/multi -L/work_ssd/software/HPCKit/25.2.1/kml/bisheng/lib/neon/kblas/multi -L/work_ssd/software/HPCKit/25.2.1/kml/bisheng/lib CMakeFiles/cmTC_70e2d.dir/CMakeCCompilerABI.c.o -lgcc --as-needed -lgcc_s --no-as-needed -lc -lgcc --as-needed -lgcc_s --no-as-needed /usr/lib/gcc/aarch64-linux-gnu/10.3.1/crtendS.o /usr/lib/gcc/aarch64-linux-gnu/10.3.1/../../../../lib64/crtn.o
gmake[1]: Leaving directory '/home/share/daizhe/qhz/uTaskTree_v5/build/CMakeFiles/CMakeTmp'



Parsed C implicit include dir info from above output: rv=done
  found start of include info
  found start of implicit include info
    add: [/work_ssd/software/HPCKit/25.2.1/kutacc/bisheng/include]
    add: [/work_ssd/software/HPCKit/25.2.1/kuqcd/bisheng/include]
    add: [/work_ssd/software/HPCKit/25.2.1/kupl/bisheng/release/include]
    add: [/work_ssd/software/HPCKit/25.2.1/kudnn/bisheng/include]
    add: [/work_ssd/software/HPCKit/25.2.1/kml/bisheng/include]
    add: [.]
    add: [/work_ssd/software/HPCKit/25.2.1/compiler/bisheng/lib/clang/19/include]
    add: [/usr/local/include]
    add: [/usr/include]
  end of search list found
  collapse include dir [/work_ssd/software/HPCKit/25.2.1/kutacc/bisheng/include] ==> [/work_ssd/software/HPCKit/25.2.1/kutacc/bisheng/include]
  collapse include dir [/work_ssd/software/HPCKit/25.2.1/kuqcd/bisheng/include] ==> [/work_ssd/software/HPCKit/25.2.1/kuqcd/bisheng/include]
  collapse include dir [/work_ssd/software/HPCKit/25.2.1/kupl/bisheng/release/include] ==> [/work_ssd/software/HPCKit/25.2.1/kupl/bisheng/release/include]
  collapse include dir [/work_ssd/software/HPCKit/25.2.1/kudnn/bisheng/include] ==> [/work_ssd/software/HPCKit/25.2.1/kudnn/bisheng/include]
  collapse include dir [/work_ssd/software/HPCKit/25.2.1/kml/bisheng/include] ==> [/work_ssd/software/HPCKit/25.2.1/kml/bisheng/include]
  skipping relative include dir [.]
  collapse include dir [/work_ssd/software/HPCKit/25.2.1/compiler/bisheng/lib/clang/19/include] ==> [/work_ssd/software/HPCKit/25.2.1/compiler/bisheng/lib/clang/19/include]
  collapse include dir [/usr/local/include] ==> [/usr/local/include]
  collapse include dir [/usr/include] ==> [/usr/include]
  implicit include dirs: [/work_ssd/software/HPCKit/25.2.1/kutacc/bisheng/include;/work_ssd/software/HPCKit/25.2.1/kuqcd/bisheng/include;/work_ssd/software/HPCKit/25.2.1/kupl/bisheng/release/include;/work_ssd/software/HPCKit/25.2.1/kudnn/bisheng/include;/work_ssd/software/HPCKit/25.2.1/kml/bisheng/include;/work_ssd/software/HPCKit/25.2.1/compiler/bisheng/lib/clang/19/include;/usr/local/include;/usr/include]


Parsed C implicit link information from above output:
  link line regex: [^( *|.*[/\])(ld\.lld|CMAKE_LINK_STARTFILE-NOTFOUND|([^/\]+-)?ld|collect2)[^/\]*( |$)]
  ignore line: [Change Dir: /home/share/daizhe/qhz/uTaskTree_v5/build/CMakeFiles/CMakeTmp]
  ignore line: []
  ignore line: [Run Build Command(s):/usr/bin/gmake -f Makefile cmTC_70e2d/fast && /usr/bin/gmake  -f CMakeFiles/cmTC_70e2d.dir/build.make CMakeFiles/cmTC_70e2d.dir/build]
  ignore line: [gmake[1]: Entering directory '/home/share/daizhe/qhz/uTaskTree_v5/build/CMakeFiles/CMakeTmp']
  ignore line: [Building C object CMakeFiles/cmTC_70e2d.dir/CMakeCCompilerABI.c.o]
  ignore line: [/work_ssd/software/HPCKit/25.2.1/compiler/bisheng/bin/clang   -v -MD -MT CMakeFiles/cmTC_70e2d.dir/CMakeCCompilerABI.c.o -MF CMakeFiles/cmTC_70e2d.dir/CMakeCCompilerABI.c.o.d -o CMakeFiles/cmTC_70e2d.dir/CMakeCCompilerABI.c.o -c /usr/share/cmake/Modules/CMakeCCompilerABI.c]
  ignore line: [BiSheng Enterprise 5.0.0.2 clang version 19.1.7 (ec639bb0a2f0)]
  ignore line: [Target: aarch64-unknown-linux-gnu]
  ignore line: [Thread model: posix]
  ignore line: [InstalledDir: /work_ssd/software/HPCKit/25.2.1/compiler/bisheng/bin]
  ignore line: [Found candidate GCC installation: /usr/lib/gcc/aarch64-linux-gnu/10.3.1]
  ignore line: [Selected GCC installation: /usr/lib/gcc/aarch64-linux-gnu/10.3.1]
  ignore line: [Candidate multilib: .]
  ignore line: [@m64]
  ignore line: [Selected multilib: .]
  ignore line: [@m64]
  ignore line: [ (in-process)]
  ignore line: [ "/work_ssd/software/HPCKit/25.2.1/compiler/bisheng/bin/clang-19" -cc1 -triple aarch64-unknown-linux-gnu -emit-obj -disable-free -clear-ast-before-backend -disable-llvm-verifier -discard-value-names -main-file-name CMakeCCompilerABI.c -mrelocation-model pic -pic-level 2 -pic-is-pie -mframe-pointer=non-leaf -conservative-aliasing -fmath-errno -ffp-contract=fast -fno-rounding-math -mconstructor-aliases -funwind-tables=2 -target-cpu generic -target-feature +v8a -target-feature +fp-armv8 -target-feature +neon -mcompatible-sme-check -target-abi aapcs -debugger-tuning=gdb -fdebug-compilation-dir=/home/share/daizhe/qhz/uTaskTree_v5/build/CMakeFiles/CMakeTmp -v -fcoverage-compilation-dir=/home/share/daizhe/qhz/uTaskTree_v5/build/CMakeFiles/CMakeTmp -resource-dir /work_ssd/software/HPCKit/25.2.1/compiler/bisheng/lib/clang/19 -dependency-file CMakeFiles/cmTC_70e2d.dir/CMakeCCompilerABI.c.o.d -MT CMakeFiles/cmTC_70e2d.dir/CMakeCCompilerABI.c.o -sys-header-deps -I/work_ssd/software/HPCKit/25.2.1/kutacc/bisheng/include -I/work_ssd/software/HPCKit/25.2.1/kuqcd/bisheng/include -I/work_ssd/software/HPCKit/25.2.1/kupl/bisheng/release/include -I/work_ssd/software/HPCKit/25.2.1/kudnn/bisheng/include -I/work_ssd/software/HPCKit/25.2.1/kml/bisheng/include -I. -internal-isystem /work_ssd/software/HPCKit/25.2.1/compiler/bisheng/lib/clang/19/include -internal-isystem /usr/local/include -internal-isystem /usr/lib/gcc/aarch64-linux-gnu/10.3.1/../../../../aarch64-linux-gnu/include -internal-externc-isystem /include -internal-externc-isystem /usr/include -ferror-limit 19 -fno-signed-char -fgnuc-version=4.2.1 -fskip-odr-check-in-gmf -target-feature -fmv -faddrsig -D__GCC_HAVE_DWARF2_CFI_ASM=1 -o CMakeFiles/cmTC_70e2d.dir/CMakeCCompilerABI.c.o -x c /usr/share/cmake/Modules/CMakeCCompilerABI.c]
  ignore line: [clang -cc1 version 19.1.7 based upon LLVM 19.1.7 default target aarch64-unknown-linux-gnu]
  ignore line: [ignoring nonexistent directory "/usr/lib/gcc/aarch64-linux-gnu/10.3.1/../../../../aarch64-linux-gnu/include"]
  ignore line: [ignoring nonexistent directory "/include"]
  ignore line: [#include "..." search starts here:]
  ignore line: [#include <...> search starts here:]
  ignore line: [ /work_ssd/software/HPCKit/25.2.1/kutacc/bisheng/include]
  ignore line: [ /work_ssd/software/HPCKit/25.2.1/kuqcd/bisheng/include]
  ignore line: [ /work_ssd/software/HPCKit/25.2.1/kupl/bisheng/release/include]
  ignore line: [ /work_ssd/software/HPCKit/25.2.1/kudnn/bisheng/include]
  ignore line: [ /work_ssd/software/HPCKit/25.2.1/kml/bisheng/include]
  ignore line: [ .]
  ignore line: [ /work_ssd/software/HPCKit/25.2.1/compiler/bisheng/lib/clang/19/include]
  ignore line: [ /usr/local/include]
  ignore line: [ /usr/include]
  ignore line: [End of search list.]
  ignore line: [Linking C executable cmTC_70e2d]
  ignore line: [/usr/bin/cmake -E cmake_link_script CMakeFiles/cmTC_70e2d.dir/link.txt --verbose=1]
  ignore line: [/work_ssd/software/HPCKit/25.2.1/compiler/bisheng/bin/clang  -v -rdynamic CMakeFiles/cmTC_70e2d.dir/CMakeCCompilerABI.c.o -o cmTC_70e2d ]
  ignore line: [BiSheng Enterprise 5.0.0.2 clang version 19.1.7 (ec639bb0a2f0)]
  ignore line: [Target: aarch64-unknown-linux-gnu]
  ignore line: [Thread model: posix]
  ignore line: [InstalledDir: /work_ssd/software/HPCKit/25.2.1/compiler/bisheng/bin]
  ignore line: [Found candidate GCC installation: /usr/lib/gcc/aarch64-linux-gnu/10.3.1]
  ignore line: [Selected GCC installation: /usr/lib/gcc/aarch64-linux-gnu/10.3.1]
  ignore line: [Candidate multilib: .]
  ignore line: [@m64]
  ignore line: [Selected multilib: .]
  ignore line: [@m64]
  link line: [ "/usr/bin/ld" -EL --hash-style=gnu --eh-frame-hdr -m aarch64linux -export-dynamic -pie -dynamic-linker /lib/ld-linux-aarch64.so.1 -o cmTC_70e2d /usr/lib/gcc/aarch64-linux-gnu/10.3.1/../../../../lib64/Scrt1.o /usr/lib/gcc/aarch64-linux-gnu/10.3.1/../../../../lib64/crti.o /usr/lib/gcc/aarch64-linux-gnu/10.3.1/crtbeginS.o -L/work_ssd/software/HPCKit/25.2.1/compiler/bisheng/bin/../lib/aarch64-unknown-linux-gnu -L/work_ssd/software/HPCKit/25.2.1/compiler/bisheng/lib/clang/19/lib/aarch64-unknown-linux-gnu -L/usr/lib/gcc/aarch64-linux-gnu/10.3.1 -L/usr/lib/gcc/aarch64-linux-gnu/10.3.1/../../../../lib64 -L/lib/aarch64-linux-gnu -L/lib/../lib64 -L/usr/lib/aarch64-linux-gnu -L/usr/lib/../lib64 -L/work_ssd/software/HPCKit/25.2.1/compiler/bisheng/bin/../lib -L/lib -L/usr/lib -L/work_ssd/software/HPCKit/25.2.1/kutacc/bisheng/lib -L/work_ssd/software/HPCKit/25.2.1/kuqcd/bisheng/lib -L/work_ssd/software/HPCKit/25.2.1/kupl/bisheng/release/lib -L/work_ssd/software/HPCKit/25.2.1/kudnn/bisheng/lib -L/work_ssd/software/HPCKit/25.2.1/kml/bisheng/lib/sme/kblas/multi -L/work_ssd/software/HPCKit/25.2.1/kml/bisheng/lib/neon -L/work_ssd/software/HPCKit/25.2.1/kml/bisheng/lib/noarch -L/work_ssd/software/HPCKit/25.2.1/kml/bisheng/lib/noarch/kvml/single -L/work_ssd/software/HPCKit/25.2.1/kml/bisheng/lib/neon/kspblas/multi -L/work_ssd/software/HPCKit/25.2.1/kml/bisheng/lib/neon/kblas/multi -L/work_ssd/software/HPCKit/25.2.1/kml/bisheng/lib CMakeFiles/cmTC_70e2d.dir/CMakeCCompilerABI.c.o -lgcc --as-needed -lgcc_s --no-as-needed -lc -lgcc --as-needed -lgcc_s --no-as-needed /usr/lib/gcc/aarch64-linux-gnu/10.3.1/crtendS.o /usr/lib/gcc/aarch64-linux-gnu/10.3.1/../../../../lib64/crtn.o]
    arg [/usr/bin/ld] ==> ignore
    arg [-EL] ==> ignore
    arg [--hash-style=gnu] ==> ignore
    arg [--eh-frame-hdr] ==> ignore
    arg [-m] ==> ignore
    arg [aarch64linux] ==> ignore
    arg [-export-dynamic] ==> ignore
    arg [-pie] ==> ignore
    arg [-dynamic-linker] ==> ignore
    arg [/lib/ld-linux-aarch64.so.1] ==> ignore
    arg [-o] ==> ignore
    arg [cmTC_70e2d] ==> ignore
    arg [/usr/lib/gcc/aarch64-linux-gnu/10.3.1/../../../../lib64/Scrt1.o] ==> obj [/usr/lib/gcc/aarch64-linux-gnu/10.3.1/../../../../lib64/Scrt1.o]
    arg [/usr/lib/gcc/aarch64-linux-gnu/10.3.1/../../../../lib64/crti.o] ==> obj [/usr/lib/gcc/aarch64-linux-gnu/10.3.1/../../../../lib64/crti.o]
    arg [/usr/lib/gcc/aarch64-linux-gnu/10.3.1/crtbeginS.o] ==> obj [/usr/lib/gcc/aarch64-linux-gnu/10.3.1/crtbeginS.o]
    arg [-L/work_ssd/software/HPCKit/25.2.1/compiler/bisheng/bin/../lib/aarch64-unknown-linux-gnu] ==> dir [/work_ssd/software/HPCKit/25.2.1/compiler/bisheng/bin/../lib/aarch64-unknown-linux-gnu]
    arg [-L/work_ssd/software/HPCKit/25.2.1/compiler/bisheng/lib/clang/19/lib/aarch64-unknown-linux-gnu] ==> dir [/work_ssd/software/HPCKit/25.2.1/compiler/bisheng/lib/clang/19/lib/aarch64-unknown-linux-gnu]
    arg [-L/usr/lib/gcc/aarch64-linux-gnu/10.3.1] ==> dir [/usr/lib/gcc/aarch64-linux-gnu/10.3.1]
    arg [-L/usr/lib/gcc/aarch64-linux-gnu/10.3.1/../../../../lib64] ==> dir [/usr/lib/gcc/aarch64-linux-gnu/10.3.1/../../../../lib64]
    arg [-L/lib/aarch64-linux-gnu] ==> dir [/lib/aarch64-linux-gnu]
    arg [-L/lib/../lib64] ==> dir [/lib/../lib64]
    arg [-L/usr/lib/aarch64-linux-gnu] ==> dir [/usr/lib/aarch64-linux-gnu]
    arg [-L/usr/lib/../lib64] ==> dir [/usr/lib/../lib64]
    arg [-L/work_ssd/software/HPCKit/25.2.1/compiler/bisheng/bin/../lib] ==> dir [/work_ssd/software/HPCKit/25.2.1/compiler/bisheng/bin/../lib]
    arg [-L/lib] ==> dir [/lib]
    arg [-L/usr/lib] ==> dir [/usr/lib]
    arg [-L/work_ssd/software/HPCKit/25.2.1/kutacc/bisheng/lib] ==> dir [/work_ssd/software/HPCKit/25.2.1/kutacc/bisheng/lib]
    arg [-L/work_ssd/software/HPCKit/25.2.1/kuqcd/bisheng/lib] ==> dir [/work_ssd/software/HPCKit/25.2.1/kuqcd/bisheng/lib]
    arg [-L/work_ssd/software/HPCKit/25.2.1/kupl/bisheng/release/lib] ==> dir [/work_ssd/software/HPCKit/25.2.1/kupl/bisheng/release/lib]
    arg [-L/work_ssd/software/HPCKit/25.2.1/kudnn/bisheng/lib] ==> dir [/work_ssd/software/HPCKit/25.2.1/kudnn/bisheng/lib]
    arg [-L/work_ssd/software/HPCKit/25.2.1/kml/bisheng/lib/sme/kblas/multi] ==> dir [/work_ssd/software/HPCKit/25.2.1/kml/bisheng/lib/sme/kblas/multi]
    arg [-L/work_ssd/software/HPCKit/25.2.1/kml/bisheng/lib/neon] ==> dir [/work_ssd/software/HPCKit/25.2.1/kml/bisheng/lib/neon]
    arg [-L/work_ssd/software/HPCKit/25.2.1/kml/bisheng/lib/noarch] ==> dir [/work_ssd/software/HPCKit/25.2.1/kml/bisheng/lib/noarch]
    arg [-L/work_ssd/software/HPCKit/25.2.1/kml/bisheng/lib/noarch/kvml/single] ==> dir [/work_ssd/software/HPCKit/25.2.1/kml/bisheng/lib/noarch/kvml/single]
    arg [-L/work_ssd/software/HPCKit/25.2.1/kml/bisheng/lib/neon/kspblas/multi] ==> dir [/work_ssd/software/HPCKit/25.2.1/kml/bisheng/lib/neon/kspblas/multi]
    arg [-L/work_ssd/software/HPCKit/25.2.1/kml/bisheng/lib/neon/kblas/multi] ==> dir [/work_ssd/software/HPCKit/25.2.1/kml/bisheng/lib/neon/kblas/multi]
    arg [-L/work_ssd/software/HPCKit/25.2.1/kml/bisheng/lib] ==> dir [/work_ssd/software/HPCKit/25.2.1/kml/bisheng/lib]
    arg [CMakeFiles/cmTC_70e2d.dir/CMakeCCompilerABI.c.o] ==> ignore
    arg [-lgcc] ==> lib [gcc]
    arg [--as-needed] ==> ignore
    arg [-lgcc_s] ==> lib [gcc_s]
    arg [--no-as-needed] ==> ignore
    arg [-lc] ==> lib [c]
    arg [-lgcc] ==> lib [gcc]
    arg [--as-needed] ==> ignore
    arg [-lgcc_s] ==> lib [gcc_s]
    arg [--no-as-needed] ==> ignore
    arg [/usr/lib/gcc/aarch64-linux-gnu/10.3.1/crtendS.o] ==> obj [/usr/lib/gcc/aarch64-linux-gnu/10.3.1/crtendS.o]
    arg [/usr/lib/gcc/aarch64-linux-gnu/10.3.1/../../../../lib64/crtn.o] ==> obj [/usr/lib/gcc/aarch64-linux-gnu/10.3.1/../../../../lib64/crtn.o]
  collapse obj [/usr/lib/gcc/aarch64-linux-gnu/10.3.1/../../../../lib64/Scrt1.o] ==> [/usr/lib64/Scrt1.o]
  collapse obj [/usr/lib/gcc/aarch64-linux-gnu/10.3.1/../../../../lib64/crti.o] ==> [/usr/lib64/crti.o]
  collapse obj [/usr/lib/gcc/aarch64-linux-gnu/10.3.1/../../../../lib64/crtn.o] ==> [/usr/lib64/crtn.o]
  collapse library dir [/work_ssd/software/HPCKit/25.2.1/compiler/bisheng/bin/../lib/aarch64-unknown-linux-gnu] ==> [/work_ssd/software/HPCKit/25.2.1/compiler/bisheng/lib/aarch64-unknown-linux-gnu]
  collapse library dir [/work_ssd/software/HPCKit/25.2.1/compiler/bisheng/lib/clang/19/lib/aarch64-unknown-linux-gnu] ==> [/work_ssd/software/HPCKit/25.2.1/compiler/bisheng/lib/clang/19/lib/aarch64-unknown-linux-gnu]
  collapse library dir [/usr/lib/gcc/aarch64-linux-gnu/10.3.1] ==> [/usr/lib/gcc/aarch64-linux-gnu/10.3.1]
  collapse library dir [/usr/lib/gcc/aarch64-linux-gnu/10.3.1/../../../../lib64] ==> [/usr/lib64]
  collapse library dir [/lib/aarch64-linux-gnu] ==> [/lib/aarch64-linux-gnu]
  collapse library dir [/lib/../lib64] ==> [/lib64]
  collapse library dir [/usr/lib/aarch64-linux-gnu] ==> [/usr/lib/aarch64-linux-gnu]
  collapse library dir [/usr/lib/../lib64] ==> [/usr/lib64]
  collapse library dir [/work_ssd/software/HPCKit/25.2.1/compiler/bisheng/bin/../lib] ==> [/work_ssd/software/HPCKit/25.2.1/compiler/bisheng/lib]
  collapse library dir [/lib] ==> [/lib]
  collapse library dir [/usr/lib] ==> [/usr/lib]
  collapse library dir [/work_ssd/software/HPCKit/25.2.1/kutacc/bisheng/lib] ==> [/work_ssd/software/HPCKit/25.2.1/kutacc/bisheng/lib]
  collapse library dir [/work_ssd/software/HPCKit/25.2.1/kuqcd/bisheng/lib] ==> [/work_ssd/software/HPCKit/25.2.1/kuqcd/bisheng/lib]
  collapse library dir [/work_ssd/software/HPCKit/25.2.1/kupl/bisheng/release/lib] ==> [/work_ssd/software/HPCKit/25.2.1/kupl/bisheng/release/lib]
  collapse library dir [/work_ssd/software/HPCKit/25.2.1/kudnn/bisheng/lib] ==> [/work_ssd/software/HPCKit/25.2.1/kudnn/bisheng/lib]
  collapse library dir [/work_ssd/software/HPCKit/25.2.1/kml/bisheng/lib/sme/kblas/multi] ==> [/work_ssd/software/HPCKit/25.2.1/kml/bisheng/lib/sme/kblas/multi]
  collapse library dir [/work_ssd/software/HPCKit/25.2.1/kml/bisheng/lib/neon] ==> [/work_ssd/software/HPCKit/25.2.1/kml/bisheng/lib/neon]
  collapse library dir [/work_ssd/software/HPCKit/25.2.1/kml/bisheng/lib/noarch] ==> [/work_ssd/software/HPCKit/25.2.1/kml/bisheng/lib/noarch]
  collapse library dir [/work_ssd/software/HPCKit/25.2.1/kml/bisheng/lib/noarch/kvml/single] ==> [/work_ssd/software/HPCKit/25.2.1/kml/bisheng/lib/noarch/kvml/single]
  collapse library dir [/work_ssd/software/HPCKit/25.2.1/kml/bisheng/lib/neon/kspblas/multi] ==> [/work_ssd/software/HPCKit/25.2.1/kml/bisheng/lib/neon/kspblas/multi]
  collapse library dir [/work_ssd/software/HPCKit/25.2.1/kml/bisheng/lib/neon/kblas/multi] ==> [/work_ssd/software/HPCKit/25.2.1/kml/bisheng/lib/neon/kblas/multi]
  collapse library dir [/work_ssd/software/HPCKit/25.2.1/kml/bisheng/lib] ==> [/work_ssd/software/HPCKit/25.2.1/kml/bisheng/lib]
  implicit libs: [gcc;gcc_s;c;gcc;gcc_s]
  implicit objs: [/usr/lib64/Scrt1.o;/usr/lib64/crti.o;/usr/lib/gcc/aarch64-linux-gnu/10.3.1/crtbeginS.o;/usr/lib/gcc/aarch64-linux-gnu/10.3.1/crtendS.o;/usr/lib64/crtn.o]
  implicit dirs: [/work_ssd/software/HPCKit/25.2.1/compiler/bisheng/lib/aarch64-unknown-linux-gnu;/work_ssd/software/HPCKit/25.2.1/compiler/bisheng/lib/clang/19/lib/aarch64-unknown-linux-gnu;/usr/lib/gcc/aarch64-linux-gnu/10.3.1;/usr/lib64;/lib/aarch64-linux-gnu;/lib64;/usr/lib/aarch64-linux-gnu;/work_ssd/software/HPCKit/25.2.1/compiler/bisheng/lib;/lib;/usr/lib;/work_ssd/software/HPCKit/25.2.1/kutacc/bisheng/lib;/work_ssd/software/HPCKit/25.2.1/kuqcd/bisheng/lib;/work_ssd/software/HPCKit/25.2.1/kupl/bisheng/release/lib;/work_ssd/software/HPCKit/25.2.1/kudnn/bisheng/lib;/work_ssd/software/HPCKit/25.2.1/kml/bisheng/lib/sme/kblas/multi;/work_ssd/software/HPCKit/25.2.1/kml/bisheng/lib/neon;/work_ssd/software/HPCKit/25.2.1/kml/bisheng/lib/noarch;/work_ssd/software/HPCKit/25.2.1/kml/bisheng/lib/noarch/kvml/single;/work_ssd/software/HPCKit/25.2.1/kml/bisheng/lib/neon/kspblas/multi;/work_ssd/software/HPCKit/25.2.1/kml/bisheng/lib/neon/kblas/multi;/work_ssd/software/HPCKit/25.2.1/kml/bisheng/lib]
  implicit fwks: []


Detecting CXX compiler ABI info compiled with the following output:
Change Dir: /home/share/daizhe/qhz/uTaskTree_v5/build/CMakeFiles/CMakeTmp

Run Build Command(s):/usr/bin/gmake -f Makefile cmTC_baef3/fast && /usr/bin/gmake  -f CMakeFiles/cmTC_baef3.dir/build.make CMakeFiles/cmTC_baef3.dir/build
gmake[1]: Entering directory '/home/share/daizhe/qhz/uTaskTree_v5/build/CMakeFiles/CMakeTmp'
Building CXX object CMakeFiles/cmTC_baef3.dir/CMakeCXXCompilerABI.cpp.o
/work_ssd/software/HPCKit/25.2.1/compiler/bisheng/bin/clang++   -march=armv8-a+sve    -v -MD -MT CMakeFiles/cmTC_baef3.dir/CMakeCXXCompilerABI.cpp.o -MF CMakeFiles/cmTC_baef3.dir/CMakeCXXCompilerABI.cpp.o.d -o CMakeFiles/cmTC_baef3.dir/CMakeCXXCompilerABI.cpp.o -c /usr/share/cmake/Modules/CMakeCXXCompilerABI.cpp
BiSheng Enterprise 5.0.0.2 clang version 19.1.7 (ec639bb0a2f0)
Target: aarch64-unknown-linux-gnu
Thread model: posix
InstalledDir: /work_ssd/software/HPCKit/25.2.1/compiler/bisheng/bin
Found candidate GCC installation: /usr/lib/gcc/aarch64-linux-gnu/10.3.1
Selected GCC installation: /usr/lib/gcc/aarch64-linux-gnu/10.3.1
Candidate multilib: .;@m64
Selected multilib: .;@m64
 (in-process)
 "/work_ssd/software/HPCKit/25.2.1/compiler/bisheng/bin/clang-19" -cc1 -triple aarch64-unknown-linux-gnu -emit-obj -disable-free -clear-ast-before-backend -disable-llvm-verifier -discard-value-names -main-file-name CMakeCXXCompilerABI.cpp -mrelocation-model pic -pic-level 2 -pic-is-pie -mframe-pointer=non-leaf -conservative-aliasing -fmath-errno -ffp-contract=fast -fno-rounding-math -mconstructor-aliases -funwind-tables=2 -target-cpu generic -target-feature +v8a -target-feature +fp-armv8 -target-feature +fullfp16 -target-feature +neon -target-feature +sve -mcompatible-sme-check -target-abi aapcs -debugger-tuning=gdb -fdebug-compilation-dir=/home/share/daizhe/qhz/uTaskTree_v5/build/CMakeFiles/CMakeTmp -v -fcoverage-compilation-dir=/home/share/daizhe/qhz/uTaskTree_v5/build/CMakeFiles/CMakeTmp -resource-dir /work_ssd/software/HPCKit/25.2.1/compiler/bisheng/lib/clang/19 -dependency-file CMakeFiles/cmTC_baef3.dir/CMakeCXXCompilerABI.cpp.o.d -MT CMakeFiles/cmTC_baef3.dir/CMakeCXXCompilerABI.cpp.o -sys-header-deps -I/work_ssd/software/HPCKit/25.2.1/kutacc/bisheng/include -I/work_ssd/software/HPCKit/25.2.1/kuqcd/bisheng/include -I/work_ssd/software/HPCKit/25.2.1/kupl/bisheng/release/include -I/work_ssd/software/HPCKit/25.2.1/kudnn/bisheng/include -I/work_ssd/software/HPCKit/25.2.1/kml/bisheng/include -I. -internal-isystem /usr/lib/gcc/aarch64-linux-gnu/10.3.1/../../../../include/c++/10.3.1 -internal-isystem /usr/lib/gcc/aarch64-linux-gnu/10.3.1/../../../../include/c++/10.3.1/aarch64-linux-gnu -internal-isystem /usr/lib/gcc/aarch64-linux-gnu/10.3.1/../../../../include/c++/10.3.1/backward -internal-isystem /work_ssd/software/HPCKit/25.2.1/compiler/bisheng/lib/clang/19/include -internal-isystem /usr/local/include -internal-isystem /usr/lib/gcc/aarch64-linux-gnu/10.3.1/../../../../aarch64-linux-gnu/include -internal-externc-isystem /include -internal-externc-isystem /usr/include -fdeprecated-macro -ferror-limit 19 -fno-signed-char -fgnuc-version=4.2.1 -fskip-odr-check-in-gmf -fcxx-exceptions -fexceptions -target-feature -fmv -faddrsig -D__GCC_HAVE_DWARF2_CFI_ASM=1 -o CMakeFiles/cmTC_baef3.dir/CMakeCXXCompilerABI.cpp.o -x c++ /usr/share/cmake/Modules/CMakeCXXCompilerABI.cpp
clang -cc1 version 19.1.7 based upon LLVM 19.1.7 default target aarch64-unknown-linux-gnu
ignoring nonexistent directory "/usr/lib/gcc/aarch64-linux-gnu/10.3.1/../../../../aarch64-linux-gnu/include"
ignoring nonexistent directory "/include"
#include "..." search starts here:
#include <...> search starts here:
 /work_ssd/software/HPCKit/25.2.1/kutacc/bisheng/include
 /work_ssd/software/HPCKit/25.2.1/kuqcd/bisheng/include
 /work_ssd/software/HPCKit/25.2.1/kupl/bisheng/release/include
 /work_ssd/software/HPCKit/25.2.1/kudnn/bisheng/include
 /work_ssd/software/HPCKit/25.2.1/kml/bisheng/include
 .
 /usr/lib/gcc/aarch64-linux-gnu/10.3.1/../../../../include/c++/10.3.1
 /usr/lib/gcc/aarch64-linux-gnu/10.3.1/../../../../include/c++/10.3.1/aarch64-linux-gnu
 /usr/lib/gcc/aarch64-linux-gnu/10.3.1/../../../../include/c++/10.3.1/backward
 /work_ssd/software/HPCKit/25.2.1/compiler/bisheng/lib/clang/19/include
 /usr/local/include
 /usr/include
End of search list.
Linking CXX executable cmTC_baef3
/usr/bin/cmake -E cmake_link_script CMakeFiles/cmTC_baef3.dir/link.txt --verbose=1
/work_ssd/software/HPCKit/25.2.1/compiler/bisheng/bin/clang++ -march=armv8-a+sve   -v -rdynamic CMakeFiles/cmTC_baef3.dir/CMakeCXXCompilerABI.cpp.o -o cmTC_baef3 
BiSheng Enterprise 5.0.0.2 clang version 19.1.7 (ec639bb0a2f0)
Target: aarch64-unknown-linux-gnu
Thread model: posix
InstalledDir: /work_ssd/software/HPCKit/25.2.1/compiler/bisheng/bin
Found candidate GCC installation: /usr/lib/gcc/aarch64-linux-gnu/10.3.1
Selected GCC installation: /usr/lib/gcc/aarch64-linux-gnu/10.3.1
Candidate multilib: .;@m64
Selected multilib: .;@m64
 "/usr/bin/ld" -EL --hash-style=gnu --eh-frame-hdr -m aarch64linux -export-dynamic -pie -dynamic-linker /lib/ld-linux-aarch64.so.1 -o cmTC_baef3 /usr/lib/gcc/aarch64-linux-gnu/10.3.1/../../../../lib64/Scrt1.o /usr/lib/gcc/aarch64-linux-gnu/10.3.1/../../../../lib64/crti.o /usr/lib/gcc/aarch64-linux-gnu/10.3.1/crtbeginS.o -L/work_ssd/software/HPCKit/25.2.1/compiler/bisheng/bin/../lib/aarch64-unknown-linux-gnu -L/work_ssd/software/HPCKit/25.2.1/compiler/bisheng/lib/clang/19/lib/aarch64-unknown-linux-gnu -L/usr/lib/gcc/aarch64-linux-gnu/10.3.1 -L/usr/lib/gcc/aarch64-linux-gnu/10.3.1/../../../../lib64 -L/lib/aarch64-linux-gnu -L/lib/../lib64 -L/usr/lib/aarch64-linux-gnu -L/usr/lib/../lib64 -L/work_ssd/software/HPCKit/25.2.1/compiler/bisheng/bin/../lib -L/lib -L/usr/lib -L/work_ssd/software/HPCKit/25.2.1/kutacc/bisheng/lib -L/work_ssd/software/HPCKit/25.2.1/kuqcd/bisheng/lib -L/work_ssd/software/HPCKit/25.2.1/kupl/bisheng/release/lib -L/work_ssd/software/HPCKit/25.2.1/kudnn/bisheng/lib -L/work_ssd/software/HPCKit/25.2.1/kml/bisheng/lib/sme/kblas/multi -L/work_ssd/software/HPCKit/25.2.1/kml/bisheng/lib/neon -L/work_ssd/software/HPCKit/25.2.1/kml/bisheng/lib/noarch -L/work_ssd/software/HPCKit/25.2.1/kml/bisheng/lib/noarch/kvml/single -L/work_ssd/software/HPCKit/25.2.1/kml/bisheng/lib/neon/kspblas/multi -L/work_ssd/software/HPCKit/25.2.1/kml/bisheng/lib/neon/kblas/multi -L/work_ssd/software/HPCKit/25.2.1/kml/bisheng/lib CMakeFiles/cmTC_baef3.dir/CMakeCXXCompilerABI.cpp.o -lstdc++ -lm -lgcc_s -lgcc -lc -lgcc_s -lgcc /usr/lib/gcc/aarch64-linux-gnu/10.3.1/crtendS.o /usr/lib/gcc/aarch64-linux-gnu/10.3.1/../../../../lib64/crtn.o
gmake[1]: Leaving directory '/home/share/daizhe/qhz/uTaskTree_v5/build/CMakeFiles/CMakeTmp'



Parsed CXX implicit include dir info from above output: rv=done
  found start of include info
  found start of implicit include info
    add: [/work_ssd/software/HPCKit/25.2.1/kutacc/bisheng/include]
    add: [/work_ssd/software/HPCKit/25.2.1/kuqcd/bisheng/include]
    add: [/work_ssd/software/HPCKit/25.2.1/kupl/bisheng/release/include]
    add: [/work_ssd/software/HPCKit/25.2.1/kudnn/bisheng/include]
    add: [/work_ssd/software/HPCKit/25.2.1/kml/bisheng/include]
    add: [.]
    add: [/usr/lib/gcc/aarch64-linux-gnu/10.3.1/../../../../include/c++/10.3.1]
    add: [/usr/lib/gcc/aarch64-linux-gnu/10.3.1/../../../../include/c++/10.3.1/aarch64-linux-gnu]
    add: [/usr/lib/gcc/aarch64-linux-gnu/10.3.1/../../../../include/c++/10.3.1/backward]
    add: [/work_ssd/software/HPCKit/25.2.1/compiler/bisheng/lib/clang/19/include]
    add: [/usr/local/include]
    add: [/usr/include]
  end of search list found
  collapse include dir [/work_ssd/software/HPCKit/25.2.1/kutacc/bisheng/include] ==> [/work_ssd/software/HPCKit/25.2.1/kutacc/bisheng/include]
  collapse include dir [/work_ssd/software/HPCKit/25.2.1/kuqcd/bisheng/include] ==> [/work_ssd/software/HPCKit/25.2.1/kuqcd/bisheng/include]
  collapse include dir [/work_ssd/software/HPCKit/25.2.1/kupl/bisheng/release/include] ==> [/work_ssd/software/HPCKit/25.2.1/kupl/bisheng/release/include]
  collapse include dir [/work_ssd/software/HPCKit/25.2.1/kudnn/bisheng/include] ==> [/work_ssd/software/HPCKit/25.2.1/kudnn/bisheng/include]
  collapse include dir [/work_ssd/software/HPCKit/25.2.1/kml/bisheng/include] ==> [/work_ssd/software/HPCKit/25.2.1/kml/bisheng/include]
  skipping relative include dir [.]
  collapse include dir [/usr/lib/gcc/aarch64-linux-gnu/10.3.1/../../../../include/c++/10.3.1] ==> [/usr/include/c++/10.3.1]
  collapse include dir [/usr/lib/gcc/aarch64-linux-gnu/10.3.1/../../../../include/c++/10.3.1/aarch64-linux-gnu] ==> [/usr/include/c++/10.3.1/aarch64-linux-gnu]
  collapse include dir [/usr/lib/gcc/aarch64-linux-gnu/10.3.1/../../../../include/c++/10.3.1/backward] ==> [/usr/include/c++/10.3.1/backward]
  collapse include dir [/work_ssd/software/HPCKit/25.2.1/compiler/bisheng/lib/clang/19/include] ==> [/work_ssd/software/HPCKit/25.2.1/compiler/bisheng/lib/clang/19/include]
  collapse include dir [/usr/local/include] ==> [/usr/local/include]
  collapse include dir [/usr/include] ==> [/usr/include]
  implicit include dirs: [/work_ssd/software/HPCKit/25.2.1/kutacc/bisheng/include;/work_ssd/software/HPCKit/25.2.1/kuqcd/bisheng/include;/work_ssd/software/HPCKit/25.2.1/kupl/bisheng/release/include;/work_ssd/software/HPCKit/25.2.1/kudnn/bisheng/include;/work_ssd/software/HPCKit/25.2.1/kml/bisheng/include;/usr/include/c++/10.3.1;/usr/include/c++/10.3.1/aarch64-linux-gnu;/usr/include/c++/10.3.1/backward;/work_ssd/software/HPCKit/25.2.1/compiler/bisheng/lib/clang/19/include;/usr/local/include;/usr/include]


Parsed CXX implicit link information from above output:
  link line regex: [^( *|.*[/\])(ld\.lld|CMAKE_LINK_STARTFILE-NOTFOUND|([^/\]+-)?ld|collect2)[^/\]*( |$)]
  ignore line: [Change Dir: /home/share/daizhe/qhz/uTaskTree_v5/build/CMakeFiles/CMakeTmp]
  ignore line: []
  ignore line: [Run Build Command(s):/usr/bin/gmake -f Makefile cmTC_baef3/fast && /usr/bin/gmake  -f CMakeFiles/cmTC_baef3.dir/build.make CMakeFiles/cmTC_baef3.dir/build]
  ignore line: [gmake[1]: Entering directory '/home/share/daizhe/qhz/uTaskTree_v5/build/CMakeFiles/CMakeTmp']
  ignore line: [Building CXX object CMakeFiles/cmTC_baef3.dir/CMakeCXXCompilerABI.cpp.o]
  ignore line: [/work_ssd/software/HPCKit/25.2.1/compiler/bisheng/bin/clang++   -march=armv8-a+sve    -v -MD -MT CMakeFiles/cmTC_baef3.dir/CMakeCXXCompilerABI.cpp.o -MF CMakeFiles/cmTC_baef3.dir/CMakeCXXCompilerABI.cpp.o.d -o CMakeFiles/cmTC_baef3.dir/CMakeCXXCompilerABI.cpp.o -c /usr/share/cmake/Modules/CMakeCXXCompilerABI.cpp]
  ignore line: [BiSheng Enterprise 5.0.0.2 clang version 19.1.7 (ec639bb0a2f0)]
  ignore line: [Target: aarch64-unknown-linux-gnu]
  ignore line: [Thread model: posix]
  ignore line: [InstalledDir: /work_ssd/software/HPCKit/25.2.1/compiler/bisheng/bin]
  ignore line: [Found candidate GCC installation: /usr/lib/gcc/aarch64-linux-gnu/10.3.1]
  ignore line: [Selected GCC installation: /usr/lib/gcc/aarch64-linux-gnu/10.3.1]
  ignore line: [Candidate multilib: .]
  ignore line: [@m64]
  ignore line: [Selected multilib: .]
  ignore line: [@m64]
  ignore line: [ (in-process)]
  ignore line: [ "/work_ssd/software/HPCKit/25.2.1/compiler/bisheng/bin/clang-19" -cc1 -triple aarch64-unknown-linux-gnu -emit-obj -disable-free -clear-ast-before-backend -disable-llvm-verifier -discard-value-names -main-file-name CMakeCXXCompilerABI.cpp -mrelocation-model pic -pic-level 2 -pic-is-pie -mframe-pointer=non-leaf -conservative-aliasing -fmath-errno -ffp-contract=fast -fno-rounding-math -mconstructor-aliases -funwind-tables=2 -target-cpu generic -target-feature +v8a -target-feature +fp-armv8 -target-feature +fullfp16 -target-feature +neon -target-feature +sve -mcompatible-sme-check -target-abi aapcs -debugger-tuning=gdb -fdebug-compilation-dir=/home/share/daizhe/qhz/uTaskTree_v5/build/CMakeFiles/CMakeTmp -v -fcoverage-compilation-dir=/home/share/daizhe/qhz/uTaskTree_v5/build/CMakeFiles/CMakeTmp -resource-dir /work_ssd/software/HPCKit/25.2.1/compiler/bisheng/lib/clang/19 -dependency-file CMakeFiles/cmTC_baef3.dir/CMakeCXXCompilerABI.cpp.o.d -MT CMakeFiles/cmTC_baef3.dir/CMakeCXXCompilerABI.cpp.o -sys-header-deps -I/work_ssd/software/HPCKit/25.2.1/kutacc/bisheng/include -I/work_ssd/software/HPCKit/25.2.1/kuqcd/bisheng/include -I/work_ssd/software/HPCKit/25.2.1/kupl/bisheng/release/include -I/work_ssd/software/HPCKit/25.2.1/kudnn/bisheng/include -I/work_ssd/software/HPCKit/25.2.1/kml/bisheng/include -I. -internal-isystem /usr/lib/gcc/aarch64-linux-gnu/10.3.1/../../../../include/c++/10.3.1 -internal-isystem /usr/lib/gcc/aarch64-linux-gnu/10.3.1/../../../../include/c++/10.3.1/aarch64-linux-gnu -internal-isystem /usr/lib/gcc/aarch64-linux-gnu/10.3.1/../../../../include/c++/10.3.1/backward -internal-isystem /work_ssd/software/HPCKit/25.2.1/compiler/bisheng/lib/clang/19/include -internal-isystem /usr/local/include -internal-isystem /usr/lib/gcc/aarch64-linux-gnu/10.3.1/../../../../aarch64-linux-gnu/include -internal-externc-isystem /include -internal-externc-isystem /usr/include -fdeprecated-macro -ferror-limit 19 -fno-signed-char -fgnuc-version=4.2.1 -fskip-odr-check-in-gmf -fcxx-exceptions -fexceptions -target-feature -fmv -faddrsig -D__GCC_HAVE_DWARF2_CFI_ASM=1 -o CMakeFiles/cmTC_baef3.dir/CMakeCXXCompilerABI.cpp.o -x c++ /usr/share/cmake/Modules/CMakeCXXCompilerABI.cpp]
  ignore line: [clang -cc1 version 19.1.7 based upon LLVM 19.1.7 default target aarch64-unknown-linux-gnu]
  ignore line: [ignoring nonexistent directory "/usr/lib/gcc/aarch64-linux-gnu/10.3.1/../../../../aarch64-linux-gnu/include"]
  ignore line: [ignoring nonexistent directory "/include"]
  ignore line: [#include "..." search starts here:]
  ignore line: [#include <...> search starts here:]
  ignore line: [ /work_ssd/software/HPCKit/25.2.1/kutacc/bisheng/include]
  ignore line: [ /work_ssd/software/HPCKit/25.2.1/kuqcd/bisheng/include]
  ignore line: [ /work_ssd/software/HPCKit/25.2.1/kupl/bisheng/release/include]
  ignore line: [ /work_ssd/software/HPCKit/25.2.1/kudnn/bisheng/include]
  ignore line: [ /work_ssd/software/HPCKit/25.2.1/kml/bisheng/include]
  ignore line: [ .]
  ignore line: [ /usr/lib/gcc/aarch64-linux-gnu/10.3.1/../../../../include/c++/10.3.1]
  ignore line: [ /usr/lib/gcc/aarch64-linux-gnu/10.3.1/../../../../include/c++/10.3.1/aarch64-linux-gnu]
  ignore line: [ /usr/lib/gcc/aarch64-linux-gnu/10.3.1/../../../../include/c++/10.3.1/backward]
  ignore line: [ /work_ssd/software/HPCKit/25.2.1/compiler/bisheng/lib/clang/19/include]
  ignore line: [ /usr/local/include]
  ignore line: [ /usr/include]
  ignore line: [End of search list.]
  ignore line: [Linking CXX executable cmTC_baef3]
  ignore line: [/usr/bin/cmake -E cmake_link_script CMakeFiles/cmTC_baef3.dir/link.txt --verbose=1]
  ignore line: [/work_ssd/software/HPCKit/25.2.1/compiler/bisheng/bin/clang++ -march=armv8-a+sve   -v -rdynamic CMakeFiles/cmTC_baef3.dir/CMakeCXXCompilerABI.cpp.o -o cmTC_baef3 ]
  ignore line: [BiSheng Enterprise 5.0.0.2 clang version 19.1.7 (ec639bb0a2f0)]
  ignore line: [Target: aarch64-unknown-linux-gnu]
  ignore line: [Thread model: posix]
  ignore line: [InstalledDir: /work_ssd/software/HPCKit/25.2.1/compiler/bisheng/bin]
  ignore line: [Found candidate GCC installation: /usr/lib/gcc/aarch64-linux-gnu/10.3.1]
  ignore line: [Selected GCC installation: /usr/lib/gcc/aarch64-linux-gnu/10.3.1]
  ignore line: [Candidate multilib: .]
  ignore line: [@m64]
  ignore line: [Selected multilib: .]
  ignore line: [@m64]
  link line: [ "/usr/bin/ld" -EL --hash-style=gnu --eh-frame-hdr -m aarch64linux -export-dynamic -pie -dynamic-linker /lib/ld-linux-aarch64.so.1 -o cmTC_baef3 /usr/lib/gcc/aarch64-linux-gnu/10.3.1/../../../../lib64/Scrt1.o /usr/lib/gcc/aarch64-linux-gnu/10.3.1/../../../../lib64/crti.o /usr/lib/gcc/aarch64-linux-gnu/10.3.1/crtbeginS.o -L/work_ssd/software/HPCKit/25.2.1/compiler/bisheng/bin/../lib/aarch64-unknown-linux-gnu -L/work_ssd/software/HPCKit/25.2.1/compiler/bisheng/lib/clang/19/lib/aarch64-unknown-linux-gnu -L/usr/lib/gcc/aarch64-linux-gnu/10.3.1 -L/usr/lib/gcc/aarch64-linux-gnu/10.3.1/../../../../lib64 -L/lib/aarch64-linux-gnu -L/lib/../lib64 -L/usr/lib/aarch64-linux-gnu -L/usr/lib/../lib64 -L/work_ssd/software/HPCKit/25.2.1/compiler/bisheng/bin/../lib -L/lib -L/usr/lib -L/work_ssd/software/HPCKit/25.2.1/kutacc/bisheng/lib -L/work_ssd/software/HPCKit/25.2.1/kuqcd/bisheng/lib -L/work_ssd/software/HPCKit/25.2.1/kupl/bisheng/release/lib -L/work_ssd/software/HPCKit/25.2.1/kudnn/bisheng/lib -L/work_ssd/software/HPCKit/25.2.1/kml/bisheng/lib/sme/kblas/multi -L/work_ssd/software/HPCKit/25.2.1/kml/bisheng/lib/neon -L/work_ssd/software/HPCKit/25.2.1/kml/bisheng/lib/noarch -L/work_ssd/software/HPCKit/25.2.1/kml/bisheng/lib/noarch/kvml/single -L/work_ssd/software/HPCKit/25.2.1/kml/bisheng/lib/neon/kspblas/multi -L/work_ssd/software/HPCKit/25.2.1/kml/bisheng/lib/neon/kblas/multi -L/work_ssd/software/HPCKit/25.2.1/kml/bisheng/lib CMakeFiles/cmTC_baef3.dir/CMakeCXXCompilerABI.cpp.o -lstdc++ -lm -lgcc_s -lgcc -lc -lgcc_s -lgcc /usr/lib/gcc/aarch64-linux-gnu/10.3.1/crtendS.o /usr/lib/gcc/aarch64-linux-gnu/10.3.1/../../../../lib64/crtn.o]
    arg [/usr/bin/ld] ==> ignore
    arg [-EL] ==> ignore
    arg [--hash-style=gnu] ==> ignore
    arg [--eh-frame-hdr] ==> ignore
    arg [-m] ==> ignore
    arg [aarch64linux] ==> ignore
    arg [-export-dynamic] ==> ignore
    arg [-pie] ==> ignore
    arg [-dynamic-linker] ==> ignore
    arg [/lib/ld-linux-aarch64.so.1] ==> ignore
    arg [-o] ==> ignore
    arg [cmTC_baef3] ==> ignore
    arg [/usr/lib/gcc/aarch64-linux-gnu/10.3.1/../../../../lib64/Scrt1.o] ==> obj [/usr/lib/gcc/aarch64-linux-gnu/10.3.1/../../../../lib64/Scrt1.o]
    arg [/usr/lib/gcc/aarch64-linux-gnu/10.3.1/../../../../lib64/crti.o] ==> obj [/usr/lib/gcc/aarch64-linux-gnu/10.3.1/../../../../lib64/crti.o]
    arg [/usr/lib/gcc/aarch64-linux-gnu/10.3.1/crtbeginS.o] ==> obj [/usr/lib/gcc/aarch64-linux-gnu/10.3.1/crtbeginS.o]
    arg [-L/work_ssd/software/HPCKit/25.2.1/compiler/bisheng/bin/../lib/aarch64-unknown-linux-gnu] ==> dir [/work_ssd/software/HPCKit/25.2.1/compiler/bisheng/bin/../lib/aarch64-unknown-linux-gnu]
    arg [-L/work_ssd/software/HPCKit/25.2.1/compiler/bisheng/lib/clang/19/lib/aarch64-unknown-linux-gnu] ==> dir [/work_ssd/software/HPCKit/25.2.1/compiler/bisheng/lib/clang/19/lib/aarch64-unknown-linux-gnu]
    arg [-L/usr/lib/gcc/aarch64-linux-gnu/10.3.1] ==> dir [/usr/lib/gcc/aarch64-linux-gnu/10.3.1]
    arg [-L/usr/lib/gcc/aarch64-linux-gnu/10.3.1/../../../../lib64] ==> dir [/usr/lib/gcc/aarch64-linux-gnu/10.3.1/../../../../lib64]
    arg [-L/lib/aarch64-linux-gnu] ==> dir [/lib/aarch64-linux-gnu]
    arg [-L/lib/../lib64] ==> dir [/lib/../lib64]
    arg [-L/usr/lib/aarch64-linux-gnu] ==> dir [/usr/lib/aarch64-linux-gnu]
    arg [-L/usr/lib/../lib64] ==> dir [/usr/lib/../lib64]
    arg [-L/work_ssd/software/HPCKit/25.2.1/compiler/bisheng/bin/../lib] ==> dir [/work_ssd/software/HPCKit/25.2.1/compiler/bisheng/bin/../lib]
    arg [-L/lib] ==> dir [/lib]
    arg [-L/usr/lib] ==> dir [/usr/lib]
    arg [-L/work_ssd/software/HPCKit/25.2.1/kutacc/bisheng/lib] ==> dir [/work_ssd/software/HPCKit/25.2.1/kutacc/bisheng/lib]
    arg [-L/work_ssd/software/HPCKit/25.2.1/kuqcd/bisheng/lib] ==> dir [/work_ssd/software/HPCKit/25.2.1/kuqcd/bisheng/lib]
    arg [-L/work_ssd/software/HPCKit/25.2.1/kupl/bisheng/release/lib] ==> dir [/work_ssd/software/HPCKit/25.2.1/kupl/bisheng/release/lib]
    arg [-L/work_ssd/software/HPCKit/25.2.1/kudnn/bisheng/lib] ==> dir [/work_ssd/software/HPCKit/25.2.1/kudnn/bisheng/lib]
    arg [-L/work_ssd/software/HPCKit/25.2.1/kml/bisheng/lib/sme/kblas/multi] ==> dir [/work_ssd/software/HPCKit/25.2.1/kml/bisheng/lib/sme/kblas/multi]
    arg [-L/work_ssd/software/HPCKit/25.2.1/kml/bisheng/lib/neon] ==> dir [/work_ssd/software/HPCKit/25.2.1/kml/bisheng/lib/neon]
    arg [-L/work_ssd/software/HPCKit/25.2.1/kml/bisheng/lib/noarch] ==> dir [/work_ssd/software/HPCKit/25.2.1/kml/bisheng/lib/noarch]
    arg [-L/work_ssd/software/HPCKit/25.2.1/kml/bisheng/lib/noarch/kvml/single] ==> dir [/work_ssd/software/HPCKit/25.2.1/kml/bisheng/lib/noarch/kvml/single]
    arg [-L/work_ssd/software/HPCKit/25.2.1/kml/bisheng/lib/neon/kspblas/multi] ==> dir [/work_ssd/software/HPCKit/25.2.1/kml/bisheng/lib/neon/kspblas/multi]
    arg [-L/work_ssd/software/HPCKit/25.2.1/kml/bisheng/lib/neon/kblas/multi] ==> dir [/work_ssd/software/HPCKit/25.2.1/kml/bisheng/lib/neon/kblas/multi]
    arg [-L/work_ssd/software/HPCKit/25.2.1/kml/bisheng/lib] ==> dir [/work_ssd/software/HPCKit/25.2.1/kml/bisheng/lib]
    arg [CMakeFiles/cmTC_baef3.dir/CMakeCXXCompilerABI.cpp.o] ==> ignore
    arg [-lstdc++] ==> lib [stdc++]
    arg [-lm] ==> lib [m]
    arg [-lgcc_s] ==> lib [gcc_s]
    arg [-lgcc] ==> lib [gcc]
    arg [-lc] ==> lib [c]
    arg [-lgcc_s] ==> lib [gcc_s]
    arg [-lgcc] ==> lib [gcc]
    arg [/usr/lib/gcc/aarch64-linux-gnu/10.3.1/crtendS.o] ==> obj [/usr/lib/gcc/aarch64-linux-gnu/10.3.1/crtendS.o]
    arg [/usr/lib/gcc/aarch64-linux-gnu/10.3.1/../../../../lib64/crtn.o] ==> obj [/usr/lib/gcc/aarch64-linux-gnu/10.3.1/../../../../lib64/crtn.o]
  collapse obj [/usr/lib/gcc/aarch64-linux-gnu/10.3.1/../../../../lib64/Scrt1.o] ==> [/usr/lib64/Scrt1.o]
  collapse obj [/usr/lib/gcc/aarch64-linux-gnu/10.3.1/../../../../lib64/crti.o] ==> [/usr/lib64/crti.o]
  collapse obj [/usr/lib/gcc/aarch64-linux-gnu/10.3.1/../../../../lib64/crtn.o] ==> [/usr/lib64/crtn.o]
  collapse library dir [/work_ssd/software/HPCKit/25.2.1/compiler/bisheng/bin/../lib/aarch64-unknown-linux-gnu] ==> [/work_ssd/software/HPCKit/25.2.1/compiler/bisheng/lib/aarch64-unknown-linux-gnu]
  collapse library dir [/work_ssd/software/HPCKit/25.2.1/compiler/bisheng/lib/clang/19/lib/aarch64-unknown-linux-gnu] ==> [/work_ssd/software/HPCKit/25.2.1/compiler/bisheng/lib/clang/19/lib/aarch64-unknown-linux-gnu]
  collapse library dir [/usr/lib/gcc/aarch64-linux-gnu/10.3.1] ==> [/usr/lib/gcc/aarch64-linux-gnu/10.3.1]
  collapse library dir [/usr/lib/gcc/aarch64-linux-gnu/10.3.1/../../../../lib64] ==> [/usr/lib64]
  collapse library dir [/lib/aarch64-linux-gnu] ==> [/lib/aarch64-linux-gnu]
  collapse library dir [/lib/../lib64] ==> [/lib64]
  collapse library dir [/usr/lib/aarch64-linux-gnu] ==> [/usr/lib/aarch64-linux-gnu]
  collapse library dir [/usr/lib/../lib64] ==> [/usr/lib64]
  collapse library dir [/work_ssd/software/HPCKit/25.2.1/compiler/bisheng/bin/../lib] ==> [/work_ssd/software/HPCKit/25.2.1/compiler/bisheng/lib]
  collapse library dir [/lib] ==> [/lib]
  collapse library dir [/usr/lib] ==> [/usr/lib]
  collapse library dir [/work_ssd/software/HPCKit/25.2.1/kutacc/bisheng/lib] ==> [/work_ssd/software/HPCKit/25.2.1/kutacc/bisheng/lib]
  collapse library dir [/work_ssd/software/HPCKit/25.2.1/kuqcd/bisheng/lib] ==> [/work_ssd/software/HPCKit/25.2.1/kuqcd/bisheng/lib]
  collapse library dir [/work_ssd/software/HPCKit/25.2.1/kupl/bisheng/release/lib] ==> [/work_ssd/software/HPCKit/25.2.1/kupl/bisheng/release/lib]
  collapse library dir [/work_ssd/software/HPCKit/25.2.1/kudnn/bisheng/lib] ==> [/work_ssd/software/HPCKit/25.2.1/kudnn/bisheng/lib]
  collapse library dir [/work_ssd/software/HPCKit/25.2.1/kml/bisheng/lib/sme/kblas/multi] ==> [/work_ssd/software/HPCKit/25.2.1/kml/bisheng/lib/sme/kblas/multi]
  collapse library dir [/work_ssd/software/HPCKit/25.2.1/kml/bisheng/lib/neon] ==> [/work_ssd/software/HPCKit/25.2.1/kml/bisheng/lib/neon]
  collapse library dir [/work_ssd/software/HPCKit/25.2.1/kml/bisheng/lib/noarch] ==> [/work_ssd/software/HPCKit/25.2.1/kml/bisheng/lib/noarch]
  collapse library dir [/work_ssd/software/HPCKit/25.2.1/kml/bisheng/lib/noarch/kvml/single] ==> [/work_ssd/software/HPCKit/25.2.1/kml/bisheng/lib/noarch/kvml/single]
  collapse library dir [/work_ssd/software/HPCKit/25.2.1/kml/bisheng/lib/neon/kspblas/multi] ==> [/work_ssd/software/HPCKit/25.2.1/kml/bisheng/lib/neon/kspblas/multi]
  collapse library dir [/work_ssd/software/HPCKit/25.2.1/kml/bisheng/lib/neon/kblas/multi] ==> [/work_ssd/software/HPCKit/25.2.1/kml/bisheng/lib/neon/kblas/multi]
  collapse library dir [/work_ssd/software/HPCKit/25.2.1/kml/bisheng/lib] ==> [/work_ssd/software/HPCKit/25.2.1/kml/bisheng/lib]
  implicit libs: [stdc++;m;gcc_s;gcc;c;gcc_s;gcc]
  implicit objs: [/usr/lib64/Scrt1.o;/usr/lib64/crti.o;/usr/lib/gcc/aarch64-linux-gnu/10.3.1/crtbeginS.o;/usr/lib/gcc/aarch64-linux-gnu/10.3.1/crtendS.o;/usr/lib64/crtn.o]
  implicit dirs: [/work_ssd/software/HPCKit/25.2.1/compiler/bisheng/lib/aarch64-unknown-linux-gnu;/work_ssd/software/HPCKit/25.2.1/compiler/bisheng/lib/clang/19/lib/aarch64-unknown-linux-gnu;/usr/lib/gcc/aarch64-linux-gnu/10.3.1;/usr/lib64;/lib/aarch64-linux-gnu;/lib64;/usr/lib/aarch64-linux-gnu;/work_ssd/software/HPCKit/25.2.1/compiler/bisheng/lib;/lib;/usr/lib;/work_ssd/software/HPCKit/25.2.1/kutacc/bisheng/lib;/work_ssd/software/HPCKit/25.2.1/kuqcd/bisheng/lib;/work_ssd/software/HPCKit/25.2.1/kupl/bisheng/release/lib;/work_ssd/software/HPCKit/25.2.1/kudnn/bisheng/lib;/work_ssd/software/HPCKit/25.2.1/kml/bisheng/lib/sme/kblas/multi;/work_ssd/software/HPCKit/25.2.1/kml/bisheng/lib/neon;/work_ssd/software/HPCKit/25.2.1/kml/bisheng/lib/noarch;/work_ssd/software/HPCKit/25.2.1/kml/bisheng/lib/noarch/kvml/single;/work_ssd/software/HPCKit/25.2.1/kml/bisheng/lib/neon/kspblas/multi;/work_ssd/software/HPCKit/25.2.1/kml/bisheng/lib/neon/kblas/multi;/work_ssd/software/HPCKit/25.2.1/kml/bisheng/lib]
  implicit fwks: []


The system is: Linux - 5.10.0-285.2.v2403.ky10p.aarch64 - aarch64
Compiling the C compiler identification source file "CMakeCCompilerId.c" succeeded.
Compiler: /work_ssd/software/HPCKit/25.2.1/compiler/bisheng/bin/clang 
Build flags: 
Id flags:  

The output was:
0


Compilation of the C compiler identification source "CMakeCCompilerId.c" produced "a.out"

The C compiler identification is Clang, found in "/home/share/daizhe/qhz/uTaskTree_v5/build/CMakeFiles/3.22.0/CompilerIdC/a.out"

Compiling the CXX compiler identification source file "CMakeCXXCompilerId.cpp" succeeded.
Compiler: /work_ssd/software/HPCKit/25.2.1/compiler/bisheng/bin/clang++ 
Build flags: -march=armv8-a+sve
Id flags:  

The output was:
0


Compilation of the CXX compiler identification source "CMakeCXXCompilerId.cpp" produced "a.out"

The CXX compiler identification is Clang, found in "/home/share/daizhe/qhz/uTaskTree_v5/build/CMakeFiles/3.22.0/CompilerIdCXX/a.out"

Detecting C compiler ABI info compiled with the following output:
Change Dir: /home/share/daizhe/qhz/uTaskTree_v5/build/CMakeFiles/CMakeTmp

Run Build Command(s):/usr/bin/gmake -f Makefile cmTC_c71ba/fast && /usr/bin/gmake  -f CMakeFiles/cmTC_c71ba.dir/build.make CMakeFiles/cmTC_c71ba.dir/build
gmake[1]: Entering directory '/home/share/daizhe/qhz/uTaskTree_v5/build/CMakeFiles/CMakeTmp'
Building C object CMakeFiles/cmTC_c71ba.dir/CMakeCCompilerABI.c.o
/work_ssd/software/HPCKit/25.2.1/compiler/bisheng/bin/clang   -v -MD -MT CMakeFiles/cmTC_c71ba.dir/CMakeCCompilerABI.c.o -MF CMakeFiles/cmTC_c71ba.dir/CMakeCCompilerABI.c.o.d -o CMakeFiles/cmTC_c71ba.dir/CMakeCCompilerABI.c.o -c /usr/share/cmake/Modules/CMakeCCompilerABI.c
BiSheng Enterprise 5.0.0.2 clang version 19.1.7 (ec639bb0a2f0)
Target: aarch64-unknown-linux-gnu
Thread model: posix
InstalledDir: /work_ssd/software/HPCKit/25.2.1/compiler/bisheng/bin
Found candidate GCC installation: /usr/lib/gcc/aarch64-linux-gnu/10.3.1
Selected GCC installation: /usr/lib/gcc/aarch64-linux-gnu/10.3.1
Candidate multilib: .;@m64
Selected multilib: .;@m64
 (in-process)
 "/work_ssd/software/HPCKit/25.2.1/compiler/bisheng/bin/clang-19" -cc1 -triple aarch64-unknown-linux-gnu -emit-obj -disable-free -clear-ast-before-backend -disable-llvm-verifier -discard-value-names -main-file-name CMakeCCompilerABI.c -mrelocation-model pic -pic-level 2 -pic-is-pie -mframe-pointer=non-leaf -conservative-aliasing -fmath-errno -ffp-contract=fast -fno-rounding-math -mconstructor-aliases -funwind-tables=2 -target-cpu generic -target-feature +v8a -target-feature +fp-armv8 -target-feature +neon -mcompatible-sme-check -target-abi aapcs -debugger-tuning=gdb -fdebug-compilation-dir=/home/share/daizhe/qhz/uTaskTree_v5/build/CMakeFiles/CMakeTmp -v -fcoverage-compilation-dir=/home/share/daizhe/qhz/uTaskTree_v5/build/CMakeFiles/CMakeTmp -resource-dir /work_ssd/software/HPCKit/25.2.1/compiler/bisheng/lib/clang/19 -dependency-file CMakeFiles/cmTC_c71ba.dir/CMakeCCompilerABI.c.o.d -MT CMakeFiles/cmTC_c71ba.dir/CMakeCCompilerABI.c.o -sys-header-deps -I/work_ssd/software/HPCKit/25.2.1/kutacc/bisheng/include -I/work_ssd/software/HPCKit/25.2.1/kuqcd/bisheng/include -I/work_ssd/software/HPCKit/25.2.1/kupl/bisheng/release/include -I/work_ssd/software/HPCKit/25.2.1/kudnn/bisheng/include -I/work_ssd/software/HPCKit/25.2.1/kml/bisheng/include -I. -internal-isystem /work_ssd/software/HPCKit/25.2.1/compiler/bisheng/lib/clang/19/include -internal-isystem /usr/local/include -internal-isystem /usr/lib/gcc/aarch64-linux-gnu/10.3.1/../../../../aarch64-linux-gnu/include -internal-externc-isystem /include -internal-externc-isystem /usr/include -ferror-limit 19 -fno-signed-char -fgnuc-version=4.2.1 -fskip-odr-check-in-gmf -target-feature -fmv -faddrsig -D__GCC_HAVE_DWARF2_CFI_ASM=1 -o CMakeFiles/cmTC_c71ba.dir/CMakeCCompilerABI.c.o -x c /usr/share/cmake/Modules/CMakeCCompilerABI.c
clang -cc1 version 19.1.7 based upon LLVM 19.1.7 default target aarch64-unknown-linux-gnu
ignoring nonexistent directory "/usr/lib/gcc/aarch64-linux-gnu/10.3.1/../../../../aarch64-linux-gnu/include"
ignoring nonexistent directory "/include"
#include "..." search starts here:
#include <...> search starts here:
 /work_ssd/software/HPCKit/25.2.1/kutacc/bisheng/include
 /work_ssd/software/HPCKit/25.2.1/kuqcd/bisheng/include
 /work_ssd/software/HPCKit/25.2.1/kupl/bisheng/release/include
 /work_ssd/software/HPCKit/25.2.1/kudnn/bisheng/include
 /work_ssd/software/HPCKit/25.2.1/kml/bisheng/include
 .
 /work_ssd/software/HPCKit/25.2.1/compiler/bisheng/lib/clang/19/include
 /usr/local/include
 /usr/include
End of search list.
Linking C executable cmTC_c71ba
/usr/bin/cmake -E cmake_link_script CMakeFiles/cmTC_c71ba.dir/link.txt --verbose=1
/work_ssd/software/HPCKit/25.2.1/compiler/bisheng/bin/clang  -v -rdynamic CMakeFiles/cmTC_c71ba.dir/CMakeCCompilerABI.c.o -o cmTC_c71ba 
BiSheng Enterprise 5.0.0.2 clang version 19.1.7 (ec639bb0a2f0)
Target: aarch64-unknown-linux-gnu
Thread model: posix
InstalledDir: /work_ssd/software/HPCKit/25.2.1/compiler/bisheng/bin
Found candidate GCC installation: /usr/lib/gcc/aarch64-linux-gnu/10.3.1
Selected GCC installation: /usr/lib/gcc/aarch64-linux-gnu/10.3.1
Candidate multilib: .;@m64
Selected multilib: .;@m64
 "/usr/bin/ld" -EL --hash-style=gnu --eh-frame-hdr -m aarch64linux -export-dynamic -pie -dynamic-linker /lib/ld-linux-aarch64.so.1 -o cmTC_c71ba /usr/lib/gcc/aarch64-linux-gnu/10.3.1/../../../../lib64/Scrt1.o /usr/lib/gcc/aarch64-linux-gnu/10.3.1/../../../../lib64/crti.o /usr/lib/gcc/aarch64-linux-gnu/10.3.1/crtbeginS.o -L/work_ssd/software/HPCKit/25.2.1/compiler/bisheng/bin/../lib/aarch64-unknown-linux-gnu -L/work_ssd/software/HPCKit/25.2.1/compiler/bisheng/lib/clang/19/lib/aarch64-unknown-linux-gnu -L/usr/lib/gcc/aarch64-linux-gnu/10.3.1 -L/usr/lib/gcc/aarch64-linux-gnu/10.3.1/../../../../lib64 -L/lib/aarch64-linux-gnu -L/lib/../lib64 -L/usr/lib/aarch64-linux-gnu -L/usr/lib/../lib64 -L/work_ssd/software/HPCKit/25.2.1/compiler/bisheng/bin/../lib -L/lib -L/usr/lib -L/work_ssd/software/HPCKit/25.2.1/kutacc/bisheng/lib -L/work_ssd/software/HPCKit/25.2.1/kuqcd/bisheng/lib -L/work_ssd/software/HPCKit/25.2.1/kupl/bisheng/release/lib -L/work_ssd/software/HPCKit/25.2.1/kudnn/bisheng/lib -L/work_ssd/software/HPCKit/25.2.1/kml/bisheng/lib/sme/kblas/multi -L/work_ssd/software/HPCKit/25.2.1/kml/bisheng/lib/neon -L/work_ssd/software/HPCKit/25.2.1/kml/bisheng/lib/noarch -L/work_ssd/software/HPCKit/25.2.1/kml/bisheng/lib/noarch/kvml/single -L/work_ssd/software/HPCKit/25.2.1/kml/bisheng/lib/neon/kspblas/multi -L/work_ssd/software/HPCKit/25.2.1/kml/bisheng/lib/neon/kblas/multi -L/work_ssd/software/HPCKit/25.2.1/kml/bisheng/lib CMakeFiles/cmTC_c71ba.dir/CMakeCCompilerABI.c.o -lgcc --as-needed -lgcc_s --no-as-needed -lc -lgcc --as-needed -lgcc_s --no-as-needed /usr/lib/gcc/aarch64-linux-gnu/10.3.1/crtendS.o /usr/lib/gcc/aarch64-linux-gnu/10.3.1/../../../../lib64/crtn.o
gmake[1]: Leaving directory '/home/share/daizhe/qhz/uTaskTree_v5/build/CMakeFiles/CMakeTmp'



Parsed C implicit include dir info from above output: rv=done
  found start of include info
  found start of implicit include info
    add: [/work_ssd/software/HPCKit/25.2.1/kutacc/bisheng/include]
    add: [/work_ssd/software/HPCKit/25.2.1/kuqcd/bisheng/include]
    add: [/work_ssd/software/HPCKit/25.2.1/kupl/bisheng/release/include]
    add: [/work_ssd/software/HPCKit/25.2.1/kudnn/bisheng/include]
    add: [/work_ssd/software/HPCKit/25.2.1/kml/bisheng/include]
    add: [.]
    add: [/work_ssd/software/HPCKit/25.2.1/compiler/bisheng/lib/clang/19/include]
    add: [/usr/local/include]
    add: [/usr/include]
  end of search list found
  collapse include dir [/work_ssd/software/HPCKit/25.2.1/kutacc/bisheng/include] ==> [/work_ssd/software/HPCKit/25.2.1/kutacc/bisheng/include]
  collapse include dir [/work_ssd/software/HPCKit/25.2.1/kuqcd/bisheng/include] ==> [/work_ssd/software/HPCKit/25.2.1/kuqcd/bisheng/include]
  collapse include dir [/work_ssd/software/HPCKit/25.2.1/kupl/bisheng/release/include] ==> [/work_ssd/software/HPCKit/25.2.1/kupl/bisheng/release/include]
  collapse include dir [/work_ssd/software/HPCKit/25.2.1/kudnn/bisheng/include] ==> [/work_ssd/software/HPCKit/25.2.1/kudnn/bisheng/include]
  collapse include dir [/work_ssd/software/HPCKit/25.2.1/kml/bisheng/include] ==> [/work_ssd/software/HPCKit/25.2.1/kml/bisheng/include]
  skipping relative include dir [.]
  collapse include dir [/work_ssd/software/HPCKit/25.2.1/compiler/bisheng/lib/clang/19/include] ==> [/work_ssd/software/HPCKit/25.2.1/compiler/bisheng/lib/clang/19/include]
  collapse include dir [/usr/local/include] ==> [/usr/local/include]
  collapse include dir [/usr/include] ==> [/usr/include]
  implicit include dirs: [/work_ssd/software/HPCKit/25.2.1/kutacc/bisheng/include;/work_ssd/software/HPCKit/25.2.1/kuqcd/bisheng/include;/work_ssd/software/HPCKit/25.2.1/kupl/bisheng/release/include;/work_ssd/software/HPCKit/25.2.1/kudnn/bisheng/include;/work_ssd/software/HPCKit/25.2.1/kml/bisheng/include;/work_ssd/software/HPCKit/25.2.1/compiler/bisheng/lib/clang/19/include;/usr/local/include;/usr/include]


Parsed C implicit link information from above output:
  link line regex: [^( *|.*[/\])(ld\.lld|CMAKE_LINK_STARTFILE-NOTFOUND|([^/\]+-)?ld|collect2)[^/\]*( |$)]
  ignore line: [Change Dir: /home/share/daizhe/qhz/uTaskTree_v5/build/CMakeFiles/CMakeTmp]
  ignore line: []
  ignore line: [Run Build Command(s):/usr/bin/gmake -f Makefile cmTC_c71ba/fast && /usr/bin/gmake  -f CMakeFiles/cmTC_c71ba.dir/build.make CMakeFiles/cmTC_c71ba.dir/build]
  ignore line: [gmake[1]: Entering directory '/home/share/daizhe/qhz/uTaskTree_v5/build/CMakeFiles/CMakeTmp']
  ignore line: [Building C object CMakeFiles/cmTC_c71ba.dir/CMakeCCompilerABI.c.o]
  ignore line: [/work_ssd/software/HPCKit/25.2.1/compiler/bisheng/bin/clang   -v -MD -MT CMakeFiles/cmTC_c71ba.dir/CMakeCCompilerABI.c.o -MF CMakeFiles/cmTC_c71ba.dir/CMakeCCompilerABI.c.o.d -o CMakeFiles/cmTC_c71ba.dir/CMakeCCompilerABI.c.o -c /usr/share/cmake/Modules/CMakeCCompilerABI.c]
  ignore line: [BiSheng Enterprise 5.0.0.2 clang version 19.1.7 (ec639bb0a2f0)]
  ignore line: [Target: aarch64-unknown-linux-gnu]
  ignore line: [Thread model: posix]
  ignore line: [InstalledDir: /work_ssd/software/HPCKit/25.2.1/compiler/bisheng/bin]
  ignore line: [Found candidate GCC installation: /usr/lib/gcc/aarch64-linux-gnu/10.3.1]
  ignore line: [Selected GCC installation: /usr/lib/gcc/aarch64-linux-gnu/10.3.1]
  ignore line: [Candidate multilib: .]
  ignore line: [@m64]
  ignore line: [Selected multilib: .]
  ignore line: [@m64]
  ignore line: [ (in-process)]
  ignore line: [ "/work_ssd/software/HPCKit/25.2.1/compiler/bisheng/bin/clang-19" -cc1 -triple aarch64-unknown-linux-gnu -emit-obj -disable-free -clear-ast-before-backend -disable-llvm-verifier -discard-value-names -main-file-name CMakeCCompilerABI.c -mrelocation-model pic -pic-level 2 -pic-is-pie -mframe-pointer=non-leaf -conservative-aliasing -fmath-errno -ffp-contract=fast -fno-rounding-math -mconstructor-aliases -funwind-tables=2 -target-cpu generic -target-feature +v8a -target-feature +fp-armv8 -target-feature +neon -mcompatible-sme-check -target-abi aapcs -debugger-tuning=gdb -fdebug-compilation-dir=/home/share/daizhe/qhz/uTaskTree_v5/build/CMakeFiles/CMakeTmp -v -fcoverage-compilation-dir=/home/share/daizhe/qhz/uTaskTree_v5/build/CMakeFiles/CMakeTmp -resource-dir /work_ssd/software/HPCKit/25.2.1/compiler/bisheng/lib/clang/19 -dependency-file CMakeFiles/cmTC_c71ba.dir/CMakeCCompilerABI.c.o.d -MT CMakeFiles/cmTC_c71ba.dir/CMakeCCompilerABI.c.o -sys-header-deps -I/work_ssd/software/HPCKit/25.2.1/kutacc/bisheng/include -I/work_ssd/software/HPCKit/25.2.1/kuqcd/bisheng/include -I/work_ssd/software/HPCKit/25.2.1/kupl/bisheng/release/include -I/work_ssd/software/HPCKit/25.2.1/kudnn/bisheng/include -I/work_ssd/software/HPCKit/25.2.1/kml/bisheng/include -I. -internal-isystem /work_ssd/software/HPCKit/25.2.1/compiler/bisheng/lib/clang/19/include -internal-isystem /usr/local/include -internal-isystem /usr/lib/gcc/aarch64-linux-gnu/10.3.1/../../../../aarch64-linux-gnu/include -internal-externc-isystem /include -internal-externc-isystem /usr/include -ferror-limit 19 -fno-signed-char -fgnuc-version=4.2.1 -fskip-odr-check-in-gmf -target-feature -fmv -faddrsig -D__GCC_HAVE_DWARF2_CFI_ASM=1 -o CMakeFiles/cmTC_c71ba.dir/CMakeCCompilerABI.c.o -x c /usr/share/cmake/Modules/CMakeCCompilerABI.c]
  ignore line: [clang -cc1 version 19.1.7 based upon LLVM 19.1.7 default target aarch64-unknown-linux-gnu]
  ignore line: [ignoring nonexistent directory "/usr/lib/gcc/aarch64-linux-gnu/10.3.1/../../../../aarch64-linux-gnu/include"]
  ignore line: [ignoring nonexistent directory "/include"]
  ignore line: [#include "..." search starts here:]
  ignore line: [#include <...> search starts here:]
  ignore line: [ /work_ssd/software/HPCKit/25.2.1/kutacc/bisheng/include]
  ignore line: [ /work_ssd/software/HPCKit/25.2.1/kuqcd/bisheng/include]
  ignore line: [ /work_ssd/software/HPCKit/25.2.1/kupl/bisheng/release/include]
  ignore line: [ /work_ssd/software/HPCKit/25.2.1/kudnn/bisheng/include]
  ignore line: [ /work_ssd/software/HPCKit/25.2.1/kml/bisheng/include]
  ignore line: [ .]
  ignore line: [ /work_ssd/software/HPCKit/25.2.1/compiler/bisheng/lib/clang/19/include]
  ignore line: [ /usr/local/include]
  ignore line: [ /usr/include]
  ignore line: [End of search list.]
  ignore line: [Linking C executable cmTC_c71ba]
  ignore line: [/usr/bin/cmake -E cmake_link_script CMakeFiles/cmTC_c71ba.dir/link.txt --verbose=1]
  ignore line: [/work_ssd/software/HPCKit/25.2.1/compiler/bisheng/bin/clang  -v -rdynamic CMakeFiles/cmTC_c71ba.dir/CMakeCCompilerABI.c.o -o cmTC_c71ba ]
  ignore line: [BiSheng Enterprise 5.0.0.2 clang version 19.1.7 (ec639bb0a2f0)]
  ignore line: [Target: aarch64-unknown-linux-gnu]
  ignore line: [Thread model: posix]
  ignore line: [InstalledDir: /work_ssd/software/HPCKit/25.2.1/compiler/bisheng/bin]
  ignore line: [Found candidate GCC installation: /usr/lib/gcc/aarch64-linux-gnu/10.3.1]
  ignore line: [Selected GCC installation: /usr/lib/gcc/aarch64-linux-gnu/10.3.1]
  ignore line: [Candidate multilib: .]
  ignore line: [@m64]
  ignore line: [Selected multilib: .]
  ignore line: [@m64]
  link line: [ "/usr/bin/ld" -EL --hash-style=gnu --eh-frame-hdr -m aarch64linux -export-dynamic -pie -dynamic-linker /lib/ld-linux-aarch64.so.1 -o cmTC_c71ba /usr/lib/gcc/aarch64-linux-gnu/10.3.1/../../../../lib64/Scrt1.o /usr/lib/gcc/aarch64-linux-gnu/10.3.1/../../../../lib64/crti.o /usr/lib/gcc/aarch64-linux-gnu/10.3.1/crtbeginS.o -L/work_ssd/software/HPCKit/25.2.1/compiler/bisheng/bin/../lib/aarch64-unknown-linux-gnu -L/work_ssd/software/HPCKit/25.2.1/compiler/bisheng/lib/clang/19/lib/aarch64-unknown-linux-gnu -L/usr/lib/gcc/aarch64-linux-gnu/10.3.1 -L/usr/lib/gcc/aarch64-linux-gnu/10.3.1/../../../../lib64 -L/lib/aarch64-linux-gnu -L/lib/../lib64 -L/usr/lib/aarch64-linux-gnu -L/usr/lib/../lib64 -L/work_ssd/software/HPCKit/25.2.1/compiler/bisheng/bin/../lib -L/lib -L/usr/lib -L/work_ssd/software/HPCKit/25.2.1/kutacc/bisheng/lib -L/work_ssd/software/HPCKit/25.2.1/kuqcd/bisheng/lib -L/work_ssd/software/HPCKit/25.2.1/kupl/bisheng/release/lib -L/work_ssd/software/HPCKit/25.2.1/kudnn/bisheng/lib -L/work_ssd/software/HPCKit/25.2.1/kml/bisheng/lib/sme/kblas/multi -L/work_ssd/software/HPCKit/25.2.1/kml/bisheng/lib/neon -L/work_ssd/software/HPCKit/25.2.1/kml/bisheng/lib/noarch -L/work_ssd/software/HPCKit/25.2.1/kml/bisheng/lib/noarch/kvml/single -L/work_ssd/software/HPCKit/25.2.1/kml/bisheng/lib/neon/kspblas/multi -L/work_ssd/software/HPCKit/25.2.1/kml/bisheng/lib/neon/kblas/multi -L/work_ssd/software/HPCKit/25.2.1/kml/bisheng/lib CMakeFiles/cmTC_c71ba.dir/CMakeCCompilerABI.c.o -lgcc --as-needed -lgcc_s --no-as-needed -lc -lgcc --as-needed -lgcc_s --no-as-needed /usr/lib/gcc/aarch64-linux-gnu/10.3.1/crtendS.o /usr/lib/gcc/aarch64-linux-gnu/10.3.1/../../../../lib64/crtn.o]
    arg [/usr/bin/ld] ==> ignore
    arg [-EL] ==> ignore
    arg [--hash-style=gnu] ==> ignore
    arg [--eh-frame-hdr] ==> ignore
    arg [-m] ==> ignore
    arg [aarch64linux] ==> ignore
    arg [-export-dynamic] ==> ignore
    arg [-pie] ==> ignore
    arg [-dynamic-linker] ==> ignore
    arg [/lib/ld-linux-aarch64.so.1] ==> ignore
    arg [-o] ==> ignore
    arg [cmTC_c71ba] ==> ignore
    arg [/usr/lib/gcc/aarch64-linux-gnu/10.3.1/../../../../lib64/Scrt1.o] ==> obj [/usr/lib/gcc/aarch64-linux-gnu/10.3.1/../../../../lib64/Scrt1.o]
    arg [/usr/lib/gcc/aarch64-linux-gnu/10.3.1/../../../../lib64/crti.o] ==> obj [/usr/lib/gcc/aarch64-linux-gnu/10.3.1/../../../../lib64/crti.o]
    arg [/usr/lib/gcc/aarch64-linux-gnu/10.3.1/crtbeginS.o] ==> obj [/usr/lib/gcc/aarch64-linux-gnu/10.3.1/crtbeginS.o]
    arg [-L/work_ssd/software/HPCKit/25.2.1/compiler/bisheng/bin/../lib/aarch64-unknown-linux-gnu] ==> dir [/work_ssd/software/HPCKit/25.2.1/compiler/bisheng/bin/../lib/aarch64-unknown-linux-gnu]
    arg [-L/work_ssd/software/HPCKit/25.2.1/compiler/bisheng/lib/clang/19/lib/aarch64-unknown-linux-gnu] ==> dir [/work_ssd/software/HPCKit/25.2.1/compiler/bisheng/lib/clang/19/lib/aarch64-unknown-linux-gnu]
    arg [-L/usr/lib/gcc/aarch64-linux-gnu/10.3.1] ==> dir [/usr/lib/gcc/aarch64-linux-gnu/10.3.1]
    arg [-L/usr/lib/gcc/aarch64-linux-gnu/10.3.1/../../../../lib64] ==> dir [/usr/lib/gcc/aarch64-linux-gnu/10.3.1/../../../../lib64]
    arg [-L/lib/aarch64-linux-gnu] ==> dir [/lib/aarch64-linux-gnu]
    arg [-L/lib/../lib64] ==> dir [/lib/../lib64]
    arg [-L/usr/lib/aarch64-linux-gnu] ==> dir [/usr/lib/aarch64-linux-gnu]
    arg [-L/usr/lib/../lib64] ==> dir [/usr/lib/../lib64]
    arg [-L/work_ssd/software/HPCKit/25.2.1/compiler/bisheng/bin/../lib] ==> dir [/work_ssd/software/HPCKit/25.2.1/compiler/bisheng/bin/../lib]
    arg [-L/lib] ==> dir [/lib]
    arg [-L/usr/lib] ==> dir [/usr/lib]
    arg [-L/work_ssd/software/HPCKit/25.2.1/kutacc/bisheng/lib] ==> dir [/work_ssd/software/HPCKit/25.2.1/kutacc/bisheng/lib]
    arg [-L/work_ssd/software/HPCKit/25.2.1/kuqcd/bisheng/lib] ==> dir [/work_ssd/software/HPCKit/25.2.1/kuqcd/bisheng/lib]
    arg [-L/work_ssd/software/HPCKit/25.2.1/kupl/bisheng/release/lib] ==> dir [/work_ssd/software/HPCKit/25.2.1/kupl/bisheng/release/lib]
    arg [-L/work_ssd/software/HPCKit/25.2.1/kudnn/bisheng/lib] ==> dir [/work_ssd/software/HPCKit/25.2.1/kudnn/bisheng/lib]
    arg [-L/work_ssd/software/HPCKit/25.2.1/kml/bisheng/lib/sme/kblas/multi] ==> dir [/work_ssd/software/HPCKit/25.2.1/kml/bisheng/lib/sme/kblas/multi]
    arg [-L/work_ssd/software/HPCKit/25.2.1/kml/bisheng/lib/neon] ==> dir [/work_ssd/software/HPCKit/25.2.1/kml/bisheng/lib/neon]
    arg [-L/work_ssd/software/HPCKit/25.2.1/kml/bisheng/lib/noarch] ==> dir [/work_ssd/software/HPCKit/25.2.1/kml/bisheng/lib/noarch]
    arg [-L/work_ssd/software/HPCKit/25.2.1/kml/bisheng/lib/noarch/kvml/single] ==> dir [/work_ssd/software/HPCKit/25.2.1/kml/bisheng/lib/noarch/kvml/single]
    arg [-L/work_ssd/software/HPCKit/25.2.1/kml/bisheng/lib/neon/kspblas/multi] ==> dir [/work_ssd/software/HPCKit/25.2.1/kml/bisheng/lib/neon/kspblas/multi]
    arg [-L/work_ssd/software/HPCKit/25.2.1/kml/bisheng/lib/neon/kblas/multi] ==> dir [/work_ssd/software/HPCKit/25.2.1/kml/bisheng/lib/neon/kblas/multi]
    arg [-L/work_ssd/software/HPCKit/25.2.1/kml/bisheng/lib] ==> dir [/work_ssd/software/HPCKit/25.2.1/kml/bisheng/lib]
    arg [CMakeFiles/cmTC_c71ba.dir/CMakeCCompilerABI.c.o] ==> ignore
    arg [-lgcc] ==> lib [gcc]
    arg [--as-needed] ==> ignore
    arg [-lgcc_s] ==> lib [gcc_s]
    arg [--no-as-needed] ==> ignore
    arg [-lc] ==> lib [c]
    arg [-lgcc] ==> lib [gcc]
    arg [--as-needed] ==> ignore
    arg [-lgcc_s] ==> lib [gcc_s]
    arg [--no-as-needed] ==> ignore
    arg [/usr/lib/gcc/aarch64-linux-gnu/10.3.1/crtendS.o] ==> obj [/usr/lib/gcc/aarch64-linux-gnu/10.3.1/crtendS.o]
    arg [/usr/lib/gcc/aarch64-linux-gnu/10.3.1/../../../../lib64/crtn.o] ==> obj [/usr/lib/gcc/aarch64-linux-gnu/10.3.1/../../../../lib64/crtn.o]
  collapse obj [/usr/lib/gcc/aarch64-linux-gnu/10.3.1/../../../../lib64/Scrt1.o] ==> [/usr/lib64/Scrt1.o]
  collapse obj [/usr/lib/gcc/aarch64-linux-gnu/10.3.1/../../../../lib64/crti.o] ==> [/usr/lib64/crti.o]
  collapse obj [/usr/lib/gcc/aarch64-linux-gnu/10.3.1/../../../../lib64/crtn.o] ==> [/usr/lib64/crtn.o]
  collapse library dir [/work_ssd/software/HPCKit/25.2.1/compiler/bisheng/bin/../lib/aarch64-unknown-linux-gnu] ==> [/work_ssd/software/HPCKit/25.2.1/compiler/bisheng/lib/aarch64-unknown-linux-gnu]
  collapse library dir [/work_ssd/software/HPCKit/25.2.1/compiler/bisheng/lib/clang/19/lib/aarch64-unknown-linux-gnu] ==> [/work_ssd/software/HPCKit/25.2.1/compiler/bisheng/lib/clang/19/lib/aarch64-unknown-linux-gnu]
  collapse library dir [/usr/lib/gcc/aarch64-linux-gnu/10.3.1] ==> [/usr/lib/gcc/aarch64-linux-gnu/10.3.1]
  collapse library dir [/usr/lib/gcc/aarch64-linux-gnu/10.3.1/../../../../lib64] ==> [/usr/lib64]
  collapse library dir [/lib/aarch64-linux-gnu] ==> [/lib/aarch64-linux-gnu]
  collapse library dir [/lib/../lib64] ==> [/lib64]
  collapse library dir [/usr/lib/aarch64-linux-gnu] ==> [/usr/lib/aarch64-linux-gnu]
  collapse library dir [/usr/lib/../lib64] ==> [/usr/lib64]
  collapse library dir [/work_ssd/software/HPCKit/25.2.1/compiler/bisheng/bin/../lib] ==> [/work_ssd/software/HPCKit/25.2.1/compiler/bisheng/lib]
  collapse library dir [/lib] ==> [/lib]
  collapse library dir [/usr/lib] ==> [/usr/lib]
  collapse library dir [/work_ssd/software/HPCKit/25.2.1/kutacc/bisheng/lib] ==> [/work_ssd/software/HPCKit/25.2.1/kutacc/bisheng/lib]
  collapse library dir [/work_ssd/software/HPCKit/25.2.1/kuqcd/bisheng/lib] ==> [/work_ssd/software/HPCKit/25.2.1/kuqcd/bisheng/lib]
  collapse library dir [/work_ssd/software/HPCKit/25.2.1/kupl/bisheng/release/lib] ==> [/work_ssd/software/HPCKit/25.2.1/kupl/bisheng/release/lib]
  collapse library dir [/work_ssd/software/HPCKit/25.2.1/kudnn/bisheng/lib] ==> [/work_ssd/software/HPCKit/25.2.1/kudnn/bisheng/lib]
  collapse library dir [/work_ssd/software/HPCKit/25.2.1/kml/bisheng/lib/sme/kblas/multi] ==> [/work_ssd/software/HPCKit/25.2.1/kml/bisheng/lib/sme/kblas/multi]
  collapse library dir [/work_ssd/software/HPCKit/25.2.1/kml/bisheng/lib/neon] ==> [/work_ssd/software/HPCKit/25.2.1/kml/bisheng/lib/neon]
  collapse library dir [/work_ssd/software/HPCKit/25.2.1/kml/bisheng/lib/noarch] ==> [/work_ssd/software/HPCKit/25.2.1/kml/bisheng/lib/noarch]
  collapse library dir [/work_ssd/software/HPCKit/25.2.1/kml/bisheng/lib/noarch/kvml/single] ==> [/work_ssd/software/HPCKit/25.2.1/kml/bisheng/lib/noarch/kvml/single]
  collapse library dir [/work_ssd/software/HPCKit/25.2.1/kml/bisheng/lib/neon/kspblas/multi] ==> [/work_ssd/software/HPCKit/25.2.1/kml/bisheng/lib/neon/kspblas/multi]
  collapse library dir [/work_ssd/software/HPCKit/25.2.1/kml/bisheng/lib/neon/kblas/multi] ==> [/work_ssd/software/HPCKit/25.2.1/kml/bisheng/lib/neon/kblas/multi]
  collapse library dir [/work_ssd/software/HPCKit/25.2.1/kml/bisheng/lib] ==> [/work_ssd/software/HPCKit/25.2.1/kml/bisheng/lib]
  implicit libs: [gcc;gcc_s;c;gcc;gcc_s]
  implicit objs: [/usr/lib64/Scrt1.o;/usr/lib64/crti.o;/usr/lib/gcc/aarch64-linux-gnu/10.3.1/crtbeginS.o;/usr/lib/gcc/aarch64-linux-gnu/10.3.1/crtendS.o;/usr/lib64/crtn.o]
  implicit dirs: [/work_ssd/software/HPCKit/25.2.1/compiler/bisheng/lib/aarch64-unknown-linux-gnu;/work_ssd/software/HPCKit/25.2.1/compiler/bisheng/lib/clang/19/lib/aarch64-unknown-linux-gnu;/usr/lib/gcc/aarch64-linux-gnu/10.3.1;/usr/lib64;/lib/aarch64-linux-gnu;/lib64;/usr/lib/aarch64-linux-gnu;/work_ssd/software/HPCKit/25.2.1/compiler/bisheng/lib;/lib;/usr/lib;/work_ssd/software/HPCKit/25.2.1/kutacc/bisheng/lib;/work_ssd/software/HPCKit/25.2.1/kuqcd/bisheng/lib;/work_ssd/software/HPCKit/25.2.1/kupl/bisheng/release/lib;/work_ssd/software/HPCKit/25.2.1/kudnn/bisheng/lib;/work_ssd/software/HPCKit/25.2.1/kml/bisheng/lib/sme/kblas/multi;/work_ssd/software/HPCKit/25.2.1/kml/bisheng/lib/neon;/work_ssd/software/HPCKit/25.2.1/kml/bisheng/lib/noarch;/work_ssd/software/HPCKit/25.2.1/kml/bisheng/lib/noarch/kvml/single;/work_ssd/software/HPCKit/25.2.1/kml/bisheng/lib/neon/kspblas/multi;/work_ssd/software/HPCKit/25.2.1/kml/bisheng/lib/neon/kblas/multi;/work_ssd/software/HPCKit/25.2.1/kml/bisheng/lib]
  implicit fwks: []


Detecting CXX compiler ABI info compiled with the following output:
Change Dir: /home/share/daizhe/qhz/uTaskTree_v5/build/CMakeFiles/CMakeTmp

Run Build Command(s):/usr/bin/gmake -f Makefile cmTC_c1f6b/fast && /usr/bin/gmake  -f CMakeFiles/cmTC_c1f6b.dir/build.make CMakeFiles/cmTC_c1f6b.dir/build
gmake[1]: Entering directory '/home/share/daizhe/qhz/uTaskTree_v5/build/CMakeFiles/CMakeTmp'
Building CXX object CMakeFiles/cmTC_c1f6b.dir/CMakeCXXCompilerABI.cpp.o
/work_ssd/software/HPCKit/25.2.1/compiler/bisheng/bin/clang++   -march=armv8-a+sve    -v -MD -MT CMakeFiles/cmTC_c1f6b.dir/CMakeCXXCompilerABI.cpp.o -MF CMakeFiles/cmTC_c1f6b.dir/CMakeCXXCompilerABI.cpp.o.d -o CMakeFiles/cmTC_c1f6b.dir/CMakeCXXCompilerABI.cpp.o -c /usr/share/cmake/Modules/CMakeCXXCompilerABI.cpp
BiSheng Enterprise 5.0.0.2 clang version 19.1.7 (ec639bb0a2f0)
Target: aarch64-unknown-linux-gnu
Thread model: posix
InstalledDir: /work_ssd/software/HPCKit/25.2.1/compiler/bisheng/bin
Found candidate GCC installation: /usr/lib/gcc/aarch64-linux-gnu/10.3.1
Selected GCC installation: /usr/lib/gcc/aarch64-linux-gnu/10.3.1
Candidate multilib: .;@m64
Selected multilib: .;@m64
 (in-process)
 "/work_ssd/software/HPCKit/25.2.1/compiler/bisheng/bin/clang-19" -cc1 -triple aarch64-unknown-linux-gnu -emit-obj -disable-free -clear-ast-before-backend -disable-llvm-verifier -discard-value-names -main-file-name CMakeCXXCompilerABI.cpp -mrelocation-model pic -pic-level 2 -pic-is-pie -mframe-pointer=non-leaf -conservative-aliasing -fmath-errno -ffp-contract=fast -fno-rounding-math -mconstructor-aliases -funwind-tables=2 -target-cpu generic -target-feature +v8a -target-feature +fp-armv8 -target-feature +fullfp16 -target-feature +neon -target-feature +sve -mcompatible-sme-check -target-abi aapcs -debugger-tuning=gdb -fdebug-compilation-dir=/home/share/daizhe/qhz/uTaskTree_v5/build/CMakeFiles/CMakeTmp -v -fcoverage-compilation-dir=/home/share/daizhe/qhz/uTaskTree_v5/build/CMakeFiles/CMakeTmp -resource-dir /work_ssd/software/HPCKit/25.2.1/compiler/bisheng/lib/clang/19 -dependency-file CMakeFiles/cmTC_c1f6b.dir/CMakeCXXCompilerABI.cpp.o.d -MT CMakeFiles/cmTC_c1f6b.dir/CMakeCXXCompilerABI.cpp.o -sys-header-deps -I/work_ssd/software/HPCKit/25.2.1/kutacc/bisheng/include -I/work_ssd/software/HPCKit/25.2.1/kuqcd/bisheng/include -I/work_ssd/software/HPCKit/25.2.1/kupl/bisheng/release/include -I/work_ssd/software/HPCKit/25.2.1/kudnn/bisheng/include -I/work_ssd/software/HPCKit/25.2.1/kml/bisheng/include -I. -internal-isystem /usr/lib/gcc/aarch64-linux-gnu/10.3.1/../../../../include/c++/10.3.1 -internal-isystem /usr/lib/gcc/aarch64-linux-gnu/10.3.1/../../../../include/c++/10.3.1/aarch64-linux-gnu -internal-isystem /usr/lib/gcc/aarch64-linux-gnu/10.3.1/../../../../include/c++/10.3.1/backward -internal-isystem /work_ssd/software/HPCKit/25.2.1/compiler/bisheng/lib/clang/19/include -internal-isystem /usr/local/include -internal-isystem /usr/lib/gcc/aarch64-linux-gnu/10.3.1/../../../../aarch64-linux-gnu/include -internal-externc-isystem /include -internal-externc-isystem /usr/include -fdeprecated-macro -ferror-limit 19 -fno-signed-char -fgnuc-version=4.2.1 -fskip-odr-check-in-gmf -fcxx-exceptions -fexceptions -target-feature -fmv -faddrsig -D__GCC_HAVE_DWARF2_CFI_ASM=1 -o CMakeFiles/cmTC_c1f6b.dir/CMakeCXXCompilerABI.cpp.o -x c++ /usr/share/cmake/Modules/CMakeCXXCompilerABI.cpp
clang -cc1 version 19.1.7 based upon LLVM 19.1.7 default target aarch64-unknown-linux-gnu
ignoring nonexistent directory "/usr/lib/gcc/aarch64-linux-gnu/10.3.1/../../../../aarch64-linux-gnu/include"
ignoring nonexistent directory "/include"
#include "..." search starts here:
#include <...> search starts here:
 /work_ssd/software/HPCKit/25.2.1/kutacc/bisheng/include
 /work_ssd/software/HPCKit/25.2.1/kuqcd/bisheng/include
 /work_ssd/software/HPCKit/25.2.1/kupl/bisheng/release/include
 /work_ssd/software/HPCKit/25.2.1/kudnn/bisheng/include
 /work_ssd/software/HPCKit/25.2.1/kml/bisheng/include
 .
 /usr/lib/gcc/aarch64-linux-gnu/10.3.1/../../../../include/c++/10.3.1
 /usr/lib/gcc/aarch64-linux-gnu/10.3.1/../../../../include/c++/10.3.1/aarch64-linux-gnu
 /usr/lib/gcc/aarch64-linux-gnu/10.3.1/../../../../include/c++/10.3.1/backward
 /work_ssd/software/HPCKit/25.2.1/compiler/bisheng/lib/clang/19/include
 /usr/local/include
 /usr/include
End of search list.
Linking CXX executable cmTC_c1f6b
/usr/bin/cmake -E cmake_link_script CMakeFiles/cmTC_c1f6b.dir/link.txt --verbose=1
/work_ssd/software/HPCKit/25.2.1/compiler/bisheng/bin/clang++ -march=armv8-a+sve   -v -rdynamic CMakeFiles/cmTC_c1f6b.dir/CMakeCXXCompilerABI.cpp.o -o cmTC_c1f6b 
BiSheng Enterprise 5.0.0.2 clang version 19.1.7 (ec639bb0a2f0)
Target: aarch64-unknown-linux-gnu
Thread model: posix
InstalledDir: /work_ssd/software/HPCKit/25.2.1/compiler/bisheng/bin
Found candidate GCC installation: /usr/lib/gcc/aarch64-linux-gnu/10.3.1
Selected GCC installation: /usr/lib/gcc/aarch64-linux-gnu/10.3.1
Candidate multilib: .;@m64
Selected multilib: .;@m64
 "/usr/bin/ld" -EL --hash-style=gnu --eh-frame-hdr -m aarch64linux -export-dynamic -pie -dynamic-linker /lib/ld-linux-aarch64.so.1 -o cmTC_c1f6b /usr/lib/gcc/aarch64-linux-gnu/10.3.1/../../../../lib64/Scrt1.o /usr/lib/gcc/aarch64-linux-gnu/10.3.1/../../../../lib64/crti.o /usr/lib/gcc/aarch64-linux-gnu/10.3.1/crtbeginS.o -L/work_ssd/software/HPCKit/25.2.1/compiler/bisheng/bin/../lib/aarch64-unknown-linux-gnu -L/work_ssd/software/HPCKit/25.2.1/compiler/bisheng/lib/clang/19/lib/aarch64-unknown-linux-gnu -L/usr/lib/gcc/aarch64-linux-gnu/10.3.1 -L/usr/lib/gcc/aarch64-linux-gnu/10.3.1/../../../../lib64 -L/lib/aarch64-linux-gnu -L/lib/../lib64 -L/usr/lib/aarch64-linux-gnu -L/usr/lib/../lib64 -L/work_ssd/software/HPCKit/25.2.1/compiler/bisheng/bin/../lib -L/lib -L/usr/lib -L/work_ssd/software/HPCKit/25.2.1/kutacc/bisheng/lib -L/work_ssd/software/HPCKit/25.2.1/kuqcd/bisheng/lib -L/work_ssd/software/HPCKit/25.2.1/kupl/bisheng/release/lib -L/work_ssd/software/HPCKit/25.2.1/kudnn/bisheng/lib -L/work_ssd/software/HPCKit/25.2.1/kml/bisheng/lib/sme/kblas/multi -L/work_ssd/software/HPCKit/25.2.1/kml/bisheng/lib/neon -L/work_ssd/software/HPCKit/25.2.1/kml/bisheng/lib/noarch -L/work_ssd/software/HPCKit/25.2.1/kml/bisheng/lib/noarch/kvml/single -L/work_ssd/software/HPCKit/25.2.1/kml/bisheng/lib/neon/kspblas/multi -L/work_ssd/software/HPCKit/25.2.1/kml/bisheng/lib/neon/kblas/multi -L/work_ssd/software/HPCKit/25.2.1/kml/bisheng/lib CMakeFiles/cmTC_c1f6b.dir/CMakeCXXCompilerABI.cpp.o -lstdc++ -lm -lgcc_s -lgcc -lc -lgcc_s -lgcc /usr/lib/gcc/aarch64-linux-gnu/10.3.1/crtendS.o /usr/lib/gcc/aarch64-linux-gnu/10.3.1/../../../../lib64/crtn.o
gmake[1]: Leaving directory '/home/share/daizhe/qhz/uTaskTree_v5/build/CMakeFiles/CMakeTmp'



Parsed CXX implicit include dir info from above output: rv=done
  found start of include info
  found start of implicit include info
    add: [/work_ssd/software/HPCKit/25.2.1/kutacc/bisheng/include]
    add: [/work_ssd/software/HPCKit/25.2.1/kuqcd/bisheng/include]
    add: [/work_ssd/software/HPCKit/25.2.1/kupl/bisheng/release/include]
    add: [/work_ssd/software/HPCKit/25.2.1/kudnn/bisheng/include]
    add: [/work_ssd/software/HPCKit/25.2.1/kml/bisheng/include]
    add: [.]
    add: [/usr/lib/gcc/aarch64-linux-gnu/10.3.1/../../../../include/c++/10.3.1]
    add: [/usr/lib/gcc/aarch64-linux-gnu/10.3.1/../../../../include/c++/10.3.1/aarch64-linux-gnu]
    add: [/usr/lib/gcc/aarch64-linux-gnu/10.3.1/../../../../include/c++/10.3.1/backward]
    add: [/work_ssd/software/HPCKit/25.2.1/compiler/bisheng/lib/clang/19/include]
    add: [/usr/local/include]
    add: [/usr/include]
  end of search list found
  collapse include dir [/work_ssd/software/HPCKit/25.2.1/kutacc/bisheng/include] ==> [/work_ssd/software/HPCKit/25.2.1/kutacc/bisheng/include]
  collapse include dir [/work_ssd/software/HPCKit/25.2.1/kuqcd/bisheng/include] ==> [/work_ssd/software/HPCKit/25.2.1/kuqcd/bisheng/include]
  collapse include dir [/work_ssd/software/HPCKit/25.2.1/kupl/bisheng/release/include] ==> [/work_ssd/software/HPCKit/25.2.1/kupl/bisheng/release/include]
  collapse include dir [/work_ssd/software/HPCKit/25.2.1/kudnn/bisheng/include] ==> [/work_ssd/software/HPCKit/25.2.1/kudnn/bisheng/include]
  collapse include dir [/work_ssd/software/HPCKit/25.2.1/kml/bisheng/include] ==> [/work_ssd/software/HPCKit/25.2.1/kml/bisheng/include]
  skipping relative include dir [.]
  collapse include dir [/usr/lib/gcc/aarch64-linux-gnu/10.3.1/../../../../include/c++/10.3.1] ==> [/usr/include/c++/10.3.1]
  collapse include dir [/usr/lib/gcc/aarch64-linux-gnu/10.3.1/../../../../include/c++/10.3.1/aarch64-linux-gnu] ==> [/usr/include/c++/10.3.1/aarch64-linux-gnu]
  collapse include dir [/usr/lib/gcc/aarch64-linux-gnu/10.3.1/../../../../include/c++/10.3.1/backward] ==> [/usr/include/c++/10.3.1/backward]
  collapse include dir [/work_ssd/software/HPCKit/25.2.1/compiler/bisheng/lib/clang/19/include] ==> [/work_ssd/software/HPCKit/25.2.1/compiler/bisheng/lib/clang/19/include]
  collapse include dir [/usr/local/include] ==> [/usr/local/include]
  collapse include dir [/usr/include] ==> [/usr/include]
  implicit include dirs: [/work_ssd/software/HPCKit/25.2.1/kutacc/bisheng/include;/work_ssd/software/HPCKit/25.2.1/kuqcd/bisheng/include;/work_ssd/software/HPCKit/25.2.1/kupl/bisheng/release/include;/work_ssd/software/HPCKit/25.2.1/kudnn/bisheng/include;/work_ssd/software/HPCKit/25.2.1/kml/bisheng/include;/usr/include/c++/10.3.1;/usr/include/c++/10.3.1/aarch64-linux-gnu;/usr/include/c++/10.3.1/backward;/work_ssd/software/HPCKit/25.2.1/compiler/bisheng/lib/clang/19/include;/usr/local/include;/usr/include]


Parsed CXX implicit link information from above output:
  link line regex: [^( *|.*[/\])(ld\.lld|CMAKE_LINK_STARTFILE-NOTFOUND|([^/\]+-)?ld|collect2)[^/\]*( |$)]
  ignore line: [Change Dir: /home/share/daizhe/qhz/uTaskTree_v5/build/CMakeFiles/CMakeTmp]
  ignore line: []
  ignore line: [Run Build Command(s):/usr/bin/gmake -f Makefile cmTC_c1f6b/fast && /usr/bin/gmake  -f CMakeFiles/cmTC_c1f6b.dir/build.make CMakeFiles/cmTC_c1f6b.dir/build]
  ignore line: [gmake[1]: Entering directory '/home/share/daizhe/qhz/uTaskTree_v5/build/CMakeFiles/CMakeTmp']
  ignore line: [Building CXX object CMakeFiles/cmTC_c1f6b.dir/CMakeCXXCompilerABI.cpp.o]
  ignore line: [/work_ssd/software/HPCKit/25.2.1/compiler/bisheng/bin/clang++   -march=armv8-a+sve    -v -MD -MT CMakeFiles/cmTC_c1f6b.dir/CMakeCXXCompilerABI.cpp.o -MF CMakeFiles/cmTC_c1f6b.dir/CMakeCXXCompilerABI.cpp.o.d -o CMakeFiles/cmTC_c1f6b.dir/CMakeCXXCompilerABI.cpp.o -c /usr/share/cmake/Modules/CMakeCXXCompilerABI.cpp]
  ignore line: [BiSheng Enterprise 5.0.0.2 clang version 19.1.7 (ec639bb0a2f0)]
  ignore line: [Target: aarch64-unknown-linux-gnu]
  ignore line: [Thread model: posix]
  ignore line: [InstalledDir: /work_ssd/software/HPCKit/25.2.1/compiler/bisheng/bin]
  ignore line: [Found candidate GCC installation: /usr/lib/gcc/aarch64-linux-gnu/10.3.1]
  ignore line: [Selected GCC installation: /usr/lib/gcc/aarch64-linux-gnu/10.3.1]
  ignore line: [Candidate multilib: .]
  ignore line: [@m64]
  ignore line: [Selected multilib: .]
  ignore line: [@m64]
  ignore line: [ (in-process)]
  ignore line: [ "/work_ssd/software/HPCKit/25.2.1/compiler/bisheng/bin/clang-19" -cc1 -triple aarch64-unknown-linux-gnu -emit-obj -disable-free -clear-ast-before-backend -disable-llvm-verifier -discard-value-names -main-file-name CMakeCXXCompilerABI.cpp -mrelocation-model pic -pic-level 2 -pic-is-pie -mframe-pointer=non-leaf -conservative-aliasing -fmath-errno -ffp-contract=fast -fno-rounding-math -mconstructor-aliases -funwind-tables=2 -target-cpu generic -target-feature +v8a -target-feature +fp-armv8 -target-feature +fullfp16 -target-feature +neon -target-feature +sve -mcompatible-sme-check -target-abi aapcs -debugger-tuning=gdb -fdebug-compilation-dir=/home/share/daizhe/qhz/uTaskTree_v5/build/CMakeFiles/CMakeTmp -v -fcoverage-compilation-dir=/home/share/daizhe/qhz/uTaskTree_v5/build/CMakeFiles/CMakeTmp -resource-dir /work_ssd/software/HPCKit/25.2.1/compiler/bisheng/lib/clang/19 -dependency-file CMakeFiles/cmTC_c1f6b.dir/CMakeCXXCompilerABI.cpp.o.d -MT CMakeFiles/cmTC_c1f6b.dir/CMakeCXXCompilerABI.cpp.o -sys-header-deps -I/work_ssd/software/HPCKit/25.2.1/kutacc/bisheng/include -I/work_ssd/software/HPCKit/25.2.1/kuqcd/bisheng/include -I/work_ssd/software/HPCKit/25.2.1/kupl/bisheng/release/include -I/work_ssd/software/HPCKit/25.2.1/kudnn/bisheng/include -I/work_ssd/software/HPCKit/25.2.1/kml/bisheng/include -I. -internal-isystem /usr/lib/gcc/aarch64-linux-gnu/10.3.1/../../../../include/c++/10.3.1 -internal-isystem /usr/lib/gcc/aarch64-linux-gnu/10.3.1/../../../../include/c++/10.3.1/aarch64-linux-gnu -internal-isystem /usr/lib/gcc/aarch64-linux-gnu/10.3.1/../../../../include/c++/10.3.1/backward -internal-isystem /work_ssd/software/HPCKit/25.2.1/compiler/bisheng/lib/clang/19/include -internal-isystem /usr/local/include -internal-isystem /usr/lib/gcc/aarch64-linux-gnu/10.3.1/../../../../aarch64-linux-gnu/include -internal-externc-isystem /include -internal-externc-isystem /usr/include -fdeprecated-macro -ferror-limit 19 -fno-signed-char -fgnuc-version=4.2.1 -fskip-odr-check-in-gmf -fcxx-exceptions -fexceptions -target-feature -fmv -faddrsig -D__GCC_HAVE_DWARF2_CFI_ASM=1 -o CMakeFiles/cmTC_c1f6b.dir/CMakeCXXCompilerABI.cpp.o -x c++ /usr/share/cmake/Modules/CMakeCXXCompilerABI.cpp]
  ignore line: [clang -cc1 version 19.1.7 based upon LLVM 19.1.7 default target aarch64-unknown-linux-gnu]
  ignore line: [ignoring nonexistent directory "/usr/lib/gcc/aarch64-linux-gnu/10.3.1/../../../../aarch64-linux-gnu/include"]
  ignore line: [ignoring nonexistent directory "/include"]
  ignore line: [#include "..." search starts here:]
  ignore line: [#include <...> search starts here:]
  ignore line: [ /work_ssd/software/HPCKit/25.2.1/kutacc/bisheng/include]
  ignore line: [ /work_ssd/software/HPCKit/25.2.1/kuqcd/bisheng/include]
  ignore line: [ /work_ssd/software/HPCKit/25.2.1/kupl/bisheng/release/include]
  ignore line: [ /work_ssd/software/HPCKit/25.2.1/kudnn/bisheng/include]
  ignore line: [ /work_ssd/software/HPCKit/25.2.1/kml/bisheng/include]
  ignore line: [ .]
  ignore line: [ /usr/lib/gcc/aarch64-linux-gnu/10.3.1/../../../../include/c++/10.3.1]
  ignore line: [ /usr/lib/gcc/aarch64-linux-gnu/10.3.1/../../../../include/c++/10.3.1/aarch64-linux-gnu]
  ignore line: [ /usr/lib/gcc/aarch64-linux-gnu/10.3.1/../../../../include/c++/10.3.1/backward]
  ignore line: [ /work_ssd/software/HPCKit/25.2.1/compiler/bisheng/lib/clang/19/include]
  ignore line: [ /usr/local/include]
  ignore line: [ /usr/include]
  ignore line: [End of search list.]
  ignore line: [Linking CXX executable cmTC_c1f6b]
  ignore line: [/usr/bin/cmake -E cmake_link_script CMakeFiles/cmTC_c1f6b.dir/link.txt --verbose=1]
  ignore line: [/work_ssd/software/HPCKit/25.2.1/compiler/bisheng/bin/clang++ -march=armv8-a+sve   -v -rdynamic CMakeFiles/cmTC_c1f6b.dir/CMakeCXXCompilerABI.cpp.o -o cmTC_c1f6b ]
  ignore line: [BiSheng Enterprise 5.0.0.2 clang version 19.1.7 (ec639bb0a2f0)]
  ignore line: [Target: aarch64-unknown-linux-gnu]
  ignore line: [Thread model: posix]
  ignore line: [InstalledDir: /work_ssd/software/HPCKit/25.2.1/compiler/bisheng/bin]
  ignore line: [Found candidate GCC installation: /usr/lib/gcc/aarch64-linux-gnu/10.3.1]
  ignore line: [Selected GCC installation: /usr/lib/gcc/aarch64-linux-gnu/10.3.1]
  ignore line: [Candidate multilib: .]
  ignore line: [@m64]
  ignore line: [Selected multilib: .]
  ignore line: [@m64]
  link line: [ "/usr/bin/ld" -EL --hash-style=gnu --eh-frame-hdr -m aarch64linux -export-dynamic -pie -dynamic-linker /lib/ld-linux-aarch64.so.1 -o cmTC_c1f6b /usr/lib/gcc/aarch64-linux-gnu/10.3.1/../../../../lib64/Scrt1.o /usr/lib/gcc/aarch64-linux-gnu/10.3.1/../../../../lib64/crti.o /usr/lib/gcc/aarch64-linux-gnu/10.3.1/crtbeginS.o -L/work_ssd/software/HPCKit/25.2.1/compiler/bisheng/bin/../lib/aarch64-unknown-linux-gnu -L/work_ssd/software/HPCKit/25.2.1/compiler/bisheng/lib/clang/19/lib/aarch64-unknown-linux-gnu -L/usr/lib/gcc/aarch64-linux-gnu/10.3.1 -L/usr/lib/gcc/aarch64-linux-gnu/10.3.1/../../../../lib64 -L/lib/aarch64-linux-gnu -L/lib/../lib64 -L/usr/lib/aarch64-linux-gnu -L/usr/lib/../lib64 -L/work_ssd/software/HPCKit/25.2.1/compiler/bisheng/bin/../lib -L/lib -L/usr/lib -L/work_ssd/software/HPCKit/25.2.1/kutacc/bisheng/lib -L/work_ssd/software/HPCKit/25.2.1/kuqcd/bisheng/lib -L/work_ssd/software/HPCKit/25.2.1/kupl/bisheng/release/lib -L/work_ssd/software/HPCKit/25.2.1/kudnn/bisheng/lib -L/work_ssd/software/HPCKit/25.2.1/kml/bisheng/lib/sme/kblas/multi -L/work_ssd/software/HPCKit/25.2.1/kml/bisheng/lib/neon -L/work_ssd/software/HPCKit/25.2.1/kml/bisheng/lib/noarch -L/work_ssd/software/HPCKit/25.2.1/kml/bisheng/lib/noarch/kvml/single -L/work_ssd/software/HPCKit/25.2.1/kml/bisheng/lib/neon/kspblas/multi -L/work_ssd/software/HPCKit/25.2.1/kml/bisheng/lib/neon/kblas/multi -L/work_ssd/software/HPCKit/25.2.1/kml/bisheng/lib CMakeFiles/cmTC_c1f6b.dir/CMakeCXXCompilerABI.cpp.o -lstdc++ -lm -lgcc_s -lgcc -lc -lgcc_s -lgcc /usr/lib/gcc/aarch64-linux-gnu/10.3.1/crtendS.o /usr/lib/gcc/aarch64-linux-gnu/10.3.1/../../../../lib64/crtn.o]
    arg [/usr/bin/ld] ==> ignore
    arg [-EL] ==> ignore
    arg [--hash-style=gnu] ==> ignore
    arg [--eh-frame-hdr] ==> ignore
    arg [-m] ==> ignore
    arg [aarch64linux] ==> ignore
    arg [-export-dynamic] ==> ignore
    arg [-pie] ==> ignore
    arg [-dynamic-linker] ==> ignore
    arg [/lib/ld-linux-aarch64.so.1] ==> ignore
    arg [-o] ==> ignore
    arg [cmTC_c1f6b] ==> ignore
    arg [/usr/lib/gcc/aarch64-linux-gnu/10.3.1/../../../../lib64/Scrt1.o] ==> obj [/usr/lib/gcc/aarch64-linux-gnu/10.3.1/../../../../lib64/Scrt1.o]
    arg [/usr/lib/gcc/aarch64-linux-gnu/10.3.1/../../../../lib64/crti.o] ==> obj [/usr/lib/gcc/aarch64-linux-gnu/10.3.1/../../../../lib64/crti.o]
    arg [/usr/lib/gcc/aarch64-linux-gnu/10.3.1/crtbeginS.o] ==> obj [/usr/lib/gcc/aarch64-linux-gnu/10.3.1/crtbeginS.o]
    arg [-L/work_ssd/software/HPCKit/25.2.1/compiler/bisheng/bin/../lib/aarch64-unknown-linux-gnu] ==> dir [/work_ssd/software/HPCKit/25.2.1/compiler/bisheng/bin/../lib/aarch64-unknown-linux-gnu]
    arg [-L/work_ssd/software/HPCKit/25.2.1/compiler/bisheng/lib/clang/19/lib/aarch64-unknown-linux-gnu] ==> dir [/work_ssd/software/HPCKit/25.2.1/compiler/bisheng/lib/clang/19/lib/aarch64-unknown-linux-gnu]
    arg [-L/usr/lib/gcc/aarch64-linux-gnu/10.3.1] ==> dir [/usr/lib/gcc/aarch64-linux-gnu/10.3.1]
    arg [-L/usr/lib/gcc/aarch64-linux-gnu/10.3.1/../../../../lib64] ==> dir [/usr/lib/gcc/aarch64-linux-gnu/10.3.1/../../../../lib64]
    arg [-L/lib/aarch64-linux-gnu] ==> dir [/lib/aarch64-linux-gnu]
    arg [-L/lib/../lib64] ==> dir [/lib/../lib64]
    arg [-L/usr/lib/aarch64-linux-gnu] ==> dir [/usr/lib/aarch64-linux-gnu]
    arg [-L/usr/lib/../lib64] ==> dir [/usr/lib/../lib64]
    arg [-L/work_ssd/software/HPCKit/25.2.1/compiler/bisheng/bin/../lib] ==> dir [/work_ssd/software/HPCKit/25.2.1/compiler/bisheng/bin/../lib]
    arg [-L/lib] ==> dir [/lib]
    arg [-L/usr/lib] ==> dir [/usr/lib]
    arg [-L/work_ssd/software/HPCKit/25.2.1/kutacc/bisheng/lib] ==> dir [/work_ssd/software/HPCKit/25.2.1/kutacc/bisheng/lib]
    arg [-L/work_ssd/software/HPCKit/25.2.1/kuqcd/bisheng/lib] ==> dir [/work_ssd/software/HPCKit/25.2.1/kuqcd/bisheng/lib]
    arg [-L/work_ssd/software/HPCKit/25.2.1/kupl/bisheng/release/lib] ==> dir [/work_ssd/software/HPCKit/25.2.1/kupl/bisheng/release/lib]
    arg [-L/work_ssd/software/HPCKit/25.2.1/kudnn/bisheng/lib] ==> dir [/work_ssd/software/HPCKit/25.2.1/kudnn/bisheng/lib]
    arg [-L/work_ssd/software/HPCKit/25.2.1/kml/bisheng/lib/sme/kblas/multi] ==> dir [/work_ssd/software/HPCKit/25.2.1/kml/bisheng/lib/sme/kblas/multi]
    arg [-L/work_ssd/software/HPCKit/25.2.1/kml/bisheng/lib/neon] ==> dir [/work_ssd/software/HPCKit/25.2.1/kml/bisheng/lib/neon]
    arg [-L/work_ssd/software/HPCKit/25.2.1/kml/bisheng/lib/noarch] ==> dir [/work_ssd/software/HPCKit/25.2.1/kml/bisheng/lib/noarch]
    arg [-L/work_ssd/software/HPCKit/25.2.1/kml/bisheng/lib/noarch/kvml/single] ==> dir [/work_ssd/software/HPCKit/25.2.1/kml/bisheng/lib/noarch/kvml/single]
    arg [-L/work_ssd/software/HPCKit/25.2.1/kml/bisheng/lib/neon/kspblas/multi] ==> dir [/work_ssd/software/HPCKit/25.2.1/kml/bisheng/lib/neon/kspblas/multi]
    arg [-L/work_ssd/software/HPCKit/25.2.1/kml/bisheng/lib/neon/kblas/multi] ==> dir [/work_ssd/software/HPCKit/25.2.1/kml/bisheng/lib/neon/kblas/multi]
    arg [-L/work_ssd/software/HPCKit/25.2.1/kml/bisheng/lib] ==> dir [/work_ssd/software/HPCKit/25.2.1/kml/bisheng/lib]
    arg [CMakeFiles/cmTC_c1f6b.dir/CMakeCXXCompilerABI.cpp.o] ==> ignore
    arg [-lstdc++] ==> lib [stdc++]
    arg [-lm] ==> lib [m]
    arg [-lgcc_s] ==> lib [gcc_s]
    arg [-lgcc] ==> lib [gcc]
    arg [-lc] ==> lib [c]
    arg [-lgcc_s] ==> lib [gcc_s]
    arg [-lgcc] ==> lib [gcc]
    arg [/usr/lib/gcc/aarch64-linux-gnu/10.3.1/crtendS.o] ==> obj [/usr/lib/gcc/aarch64-linux-gnu/10.3.1/crtendS.o]
    arg [/usr/lib/gcc/aarch64-linux-gnu/10.3.1/../../../../lib64/crtn.o] ==> obj [/usr/lib/gcc/aarch64-linux-gnu/10.3.1/../../../../lib64/crtn.o]
  collapse obj [/usr/lib/gcc/aarch64-linux-gnu/10.3.1/../../../../lib64/Scrt1.o] ==> [/usr/lib64/Scrt1.o]
  collapse obj [/usr/lib/gcc/aarch64-linux-gnu/10.3.1/../../../../lib64/crti.o] ==> [/usr/lib64/crti.o]
  collapse obj [/usr/lib/gcc/aarch64-linux-gnu/10.3.1/../../../../lib64/crtn.o] ==> [/usr/lib64/crtn.o]
  collapse library dir [/work_ssd/software/HPCKit/25.2.1/compiler/bisheng/bin/../lib/aarch64-unknown-linux-gnu] ==> [/work_ssd/software/HPCKit/25.2.1/compiler/bisheng/lib/aarch64-unknown-linux-gnu]
  collapse library dir [/work_ssd/software/HPCKit/25.2.1/compiler/bisheng/lib/clang/19/lib/aarch64-unknown-linux-gnu] ==> [/work_ssd/software/HPCKit/25.2.1/compiler/bisheng/lib/clang/19/lib/aarch64-unknown-linux-gnu]
  collapse library dir [/usr/lib/gcc/aarch64-linux-gnu/10.3.1] ==> [/usr/lib/gcc/aarch64-linux-gnu/10.3.1]
  collapse library dir [/usr/lib/gcc/aarch64-linux-gnu/10.3.1/../../../../lib64] ==> [/usr/lib64]
  collapse library dir [/lib/aarch64-linux-gnu] ==> [/lib/aarch64-linux-gnu]
  collapse library dir [/lib/../lib64] ==> [/lib64]
  collapse library dir [/usr/lib/aarch64-linux-gnu] ==> [/usr/lib/aarch64-linux-gnu]
  collapse library dir [/usr/lib/../lib64] ==> [/usr/lib64]
  collapse library dir [/work_ssd/software/HPCKit/25.2.1/compiler/bisheng/bin/../lib] ==> [/work_ssd/software/HPCKit/25.2.1/compiler/bisheng/lib]
  collapse library dir [/lib] ==> [/lib]
  collapse library dir [/usr/lib] ==> [/usr/lib]
  collapse library dir [/work_ssd/software/HPCKit/25.2.1/kutacc/bisheng/lib] ==> [/work_ssd/software/HPCKit/25.2.1/kutacc/bisheng/lib]
  collapse library dir [/work_ssd/software/HPCKit/25.2.1/kuqcd/bisheng/lib] ==> [/work_ssd/software/HPCKit/25.2.1/kuqcd/bisheng/lib]
  collapse library dir [/work_ssd/software/HPCKit/25.2.1/kupl/bisheng/release/lib] ==> [/work_ssd/software/HPCKit/25.2.1/kupl/bisheng/release/lib]
  collapse library dir [/work_ssd/software/HPCKit/25.2.1/kudnn/bisheng/lib] ==> [/work_ssd/software/HPCKit/25.2.1/kudnn/bisheng/lib]
  collapse library dir [/work_ssd/software/HPCKit/25.2.1/kml/bisheng/lib/sme/kblas/multi] ==> [/work_ssd/software/HPCKit/25.2.1/kml/bisheng/lib/sme/kblas/multi]
  collapse library dir [/work_ssd/software/HPCKit/25.2.1/kml/bisheng/lib/neon] ==> [/work_ssd/software/HPCKit/25.2.1/kml/bisheng/lib/neon]
  collapse library dir [/work_ssd/software/HPCKit/25.2.1/kml/bisheng/lib/noarch] ==> [/work_ssd/software/HPCKit/25.2.1/kml/bisheng/lib/noarch]
  collapse library dir [/work_ssd/software/HPCKit/25.2.1/kml/bisheng/lib/noarch/kvml/single] ==> [/work_ssd/software/HPCKit/25.2.1/kml/bisheng/lib/noarch/kvml/single]
  collapse library dir [/work_ssd/software/HPCKit/25.2.1/kml/bisheng/lib/neon/kspblas/multi] ==> [/work_ssd/software/HPCKit/25.2.1/kml/bisheng/lib/neon/kspblas/multi]
  collapse library dir [/work_ssd/software/HPCKit/25.2.1/kml/bisheng/lib/neon/kblas/multi] ==> [/work_ssd/software/HPCKit/25.2.1/kml/bisheng/lib/neon/kblas/multi]
  collapse library dir [/work_ssd/software/HPCKit/25.2.1/kml/bisheng/lib] ==> [/work_ssd/software/HPCKit/25.2.1/kml/bisheng/lib]
  implicit libs: [stdc++;m;gcc_s;gcc;c;gcc_s;gcc]
  implicit objs: [/usr/lib64/Scrt1.o;/usr/lib64/crti.o;/usr/lib/gcc/aarch64-linux-gnu/10.3.1/crtbeginS.o;/usr/lib/gcc/aarch64-linux-gnu/10.3.1/crtendS.o;/usr/lib64/crtn.o]
  implicit dirs: [/work_ssd/software/HPCKit/25.2.1/compiler/bisheng/lib/aarch64-unknown-linux-gnu;/work_ssd/software/HPCKit/25.2.1/compiler/bisheng/lib/clang/19/lib/aarch64-unknown-linux-gnu;/usr/lib/gcc/aarch64-linux-gnu/10.3.1;/usr/lib64;/lib/aarch64-linux-gnu;/lib64;/usr/lib/aarch64-linux-gnu;/work_ssd/software/HPCKit/25.2.1/compiler/bisheng/lib;/lib;/usr/lib;/work_ssd/software/HPCKit/25.2.1/kutacc/bisheng/lib;/work_ssd/software/HPCKit/25.2.1/kuqcd/bisheng/lib;/work_ssd/software/HPCKit/25.2.1/kupl/bisheng/release/lib;/work_ssd/software/HPCKit/25.2.1/kudnn/bisheng/lib;/work_ssd/software/HPCKit/25.2.1/kml/bisheng/lib/sme/kblas/multi;/work_ssd/software/HPCKit/25.2.1/kml/bisheng/lib/neon;/work_ssd/software/HPCKit/25.2.1/kml/bisheng/lib/noarch;/work_ssd/software/HPCKit/25.2.1/kml/bisheng/lib/noarch/kvml/single;/work_ssd/software/HPCKit/25.2.1/kml/bisheng/lib/neon/kspblas/multi;/work_ssd/software/HPCKit/25.2.1/kml/bisheng/lib/neon/kblas/multi;/work_ssd/software/HPCKit/25.2.1/kml/bisheng/lib]
  implicit fwks: []


The system is: Linux - 5.10.0-285.2.v2403.ky10p.aarch64 - aarch64
Compiling the C compiler identification source file "CMakeCCompilerId.c" succeeded.
Compiler: /work_ssd/software/HPCKit/25.2.1/compiler/bisheng/bin/clang 
Build flags: 
Id flags:  

The output was:
0


Compilation of the C compiler identification source "CMakeCCompilerId.c" produced "a.out"

The C compiler identification is Clang, found in "/home/share/daizhe/qhz/uTaskTree_v5/build/CMakeFiles/3.22.0/CompilerIdC/a.out"

Compiling the CXX compiler identification source file "CMakeCXXCompilerId.cpp" succeeded.
Compiler: /work_ssd/software/HPCKit/25.2.1/compiler/bisheng/bin/clang++ 
Build flags: -march=armv8-a+sve
Id flags:  

The output was:
0


Compilation of the CXX compiler identification source "CMakeCXXCompilerId.cpp" produced "a.out"

The CXX compiler identification is Clang, found in "/home/share/daizhe/qhz/uTaskTree_v5/build/CMakeFiles/3.22.0/CompilerIdCXX/a.out"

Detecting C compiler ABI info compiled with the following output:
Change Dir: /home/share/daizhe/qhz/uTaskTree_v5/build/CMakeFiles/CMakeTmp

Run Build Command(s):/usr/bin/gmake -f Makefile cmTC_f9f4e/fast && /usr/bin/gmake  -f CMakeFiles/cmTC_f9f4e.dir/build.make CMakeFiles/cmTC_f9f4e.dir/build
gmake[1]: Entering directory '/home/share/daizhe/qhz/uTaskTree_v5/build/CMakeFiles/CMakeTmp'
Building C object CMakeFiles/cmTC_f9f4e.dir/CMakeCCompilerABI.c.o
/work_ssd/software/HPCKit/25.2.1/compiler/bisheng/bin/clang   -v -MD -MT CMakeFiles/cmTC_f9f4e.dir/CMakeCCompilerABI.c.o -MF CMakeFiles/cmTC_f9f4e.dir/CMakeCCompilerABI.c.o.d -o CMakeFiles/cmTC_f9f4e.dir/CMakeCCompilerABI.c.o -c /usr/share/cmake/Modules/CMakeCCompilerABI.c
BiSheng Enterprise 5.0.0.2 clang version 19.1.7 (ec639bb0a2f0)
Target: aarch64-unknown-linux-gnu
Thread model: posix
InstalledDir: /work_ssd/software/HPCKit/25.2.1/compiler/bisheng/bin
Found candidate GCC installation: /usr/lib/gcc/aarch64-linux-gnu/10.3.1
Selected GCC installation: /usr/lib/gcc/aarch64-linux-gnu/10.3.1
Candidate multilib: .;@m64
Selected multilib: .;@m64
 (in-process)
 "/work_ssd/software/HPCKit/25.2.1/compiler/bisheng/bin/clang-19" -cc1 -triple aarch64-unknown-linux-gnu -emit-obj -disable-free -clear-ast-before-backend -disable-llvm-verifier -discard-value-names -main-file-name CMakeCCompilerABI.c -mrelocation-model pic -pic-level 2 -pic-is-pie -mframe-pointer=non-leaf -conservative-aliasing -fmath-errno -ffp-contract=fast -fno-rounding-math -mconstructor-aliases -funwind-tables=2 -target-cpu generic -target-feature +v8a -target-feature +fp-armv8 -target-feature +neon -mcompatible-sme-check -target-abi aapcs -debugger-tuning=gdb -fdebug-compilation-dir=/home/share/daizhe/qhz/uTaskTree_v5/build/CMakeFiles/CMakeTmp -v -fcoverage-compilation-dir=/home/share/daizhe/qhz/uTaskTree_v5/build/CMakeFiles/CMakeTmp -resource-dir /work_ssd/software/HPCKit/25.2.1/compiler/bisheng/lib/clang/19 -dependency-file CMakeFiles/cmTC_f9f4e.dir/CMakeCCompilerABI.c.o.d -MT CMakeFiles/cmTC_f9f4e.dir/CMakeCCompilerABI.c.o -sys-header-deps -I/work_ssd/software/HPCKit/25.2.1/kutacc/bisheng/include -I/work_ssd/software/HPCKit/25.2.1/kuqcd/bisheng/include -I/work_ssd/software/HPCKit/25.2.1/kupl/bisheng/release/include -I/work_ssd/software/HPCKit/25.2.1/kudnn/bisheng/include -I/work_ssd/software/HPCKit/25.2.1/kml/bisheng/include -I. -internal-isystem /work_ssd/software/HPCKit/25.2.1/compiler/bisheng/lib/clang/19/include -internal-isystem /usr/local/include -internal-isystem /usr/lib/gcc/aarch64-linux-gnu/10.3.1/../../../../aarch64-linux-gnu/include -internal-externc-isystem /include -internal-externc-isystem /usr/include -ferror-limit 19 -fno-signed-char -fgnuc-version=4.2.1 -fskip-odr-check-in-gmf -target-feature -fmv -faddrsig -D__GCC_HAVE_DWARF2_CFI_ASM=1 -o CMakeFiles/cmTC_f9f4e.dir/CMakeCCompilerABI.c.o -x c /usr/share/cmake/Modules/CMakeCCompilerABI.c
clang -cc1 version 19.1.7 based upon LLVM 19.1.7 default target aarch64-unknown-linux-gnu
ignoring nonexistent directory "/usr/lib/gcc/aarch64-linux-gnu/10.3.1/../../../../aarch64-linux-gnu/include"
ignoring nonexistent directory "/include"
#include "..." search starts here:
#include <...> search starts here:
 /work_ssd/software/HPCKit/25.2.1/kutacc/bisheng/include
 /work_ssd/software/HPCKit/25.2.1/kuqcd/bisheng/include
 /work_ssd/software/HPCKit/25.2.1/kupl/bisheng/release/include
 /work_ssd/software/HPCKit/25.2.1/kudnn/bisheng/include
 /work_ssd/software/HPCKit/25.2.1/kml/bisheng/include
 .
 /work_ssd/software/HPCKit/25.2.1/compiler/bisheng/lib/clang/19/include
 /usr/local/include
 /usr/include
End of search list.
Linking C executable cmTC_f9f4e
/usr/bin/cmake -E cmake_link_script CMakeFiles/cmTC_f9f4e.dir/link.txt --verbose=1
/work_ssd/software/HPCKit/25.2.1/compiler/bisheng/bin/clang  -v -rdynamic CMakeFiles/cmTC_f9f4e.dir/CMakeCCompilerABI.c.o -o cmTC_f9f4e 
BiSheng Enterprise 5.0.0.2 clang version 19.1.7 (ec639bb0a2f0)
Target: aarch64-unknown-linux-gnu
Thread model: posix
InstalledDir: /work_ssd/software/HPCKit/25.2.1/compiler/bisheng/bin
Found candidate GCC installation: /usr/lib/gcc/aarch64-linux-gnu/10.3.1
Selected GCC installation: /usr/lib/gcc/aarch64-linux-gnu/10.3.1
Candidate multilib: .;@m64
Selected multilib: .;@m64
 "/usr/bin/ld" -EL --hash-style=gnu --eh-frame-hdr -m aarch64linux -export-dynamic -pie -dynamic-linker /lib/ld-linux-aarch64.so.1 -o cmTC_f9f4e /usr/lib/gcc/aarch64-linux-gnu/10.3.1/../../../../lib64/Scrt1.o /usr/lib/gcc/aarch64-linux-gnu/10.3.1/../../../../lib64/crti.o /usr/lib/gcc/aarch64-linux-gnu/10.3.1/crtbeginS.o -L/work_ssd/software/HPCKit/25.2.1/compiler/bisheng/bin/../lib/aarch64-unknown-linux-gnu -L/work_ssd/software/HPCKit/25.2.1/compiler/bisheng/lib/clang/19/lib/aarch64-unknown-linux-gnu -L/usr/lib/gcc/aarch64-linux-gnu/10.3.1 -L/usr/lib/gcc/aarch64-linux-gnu/10.3.1/../../../../lib64 -L/lib/aarch64-linux-gnu -L/lib/../lib64 -L/usr/lib/aarch64-linux-gnu -L/usr/lib/../lib64 -L/work_ssd/software/HPCKit/25.2.1/compiler/bisheng/bin/../lib -L/lib -L/usr/lib -L/work_ssd/software/HPCKit/25.2.1/kutacc/bisheng/lib -L/work_ssd/software/HPCKit/25.2.1/kuqcd/bisheng/lib -L/work_ssd/software/HPCKit/25.2.1/kupl/bisheng/release/lib -L/work_ssd/software/HPCKit/25.2.1/kudnn/bisheng/lib -L/work_ssd/software/HPCKit/25.2.1/kml/bisheng/lib/sme/kblas/multi -L/work_ssd/software/HPCKit/25.2.1/kml/bisheng/lib/neon -L/work_ssd/software/HPCKit/25.2.1/kml/bisheng/lib/noarch -L/work_ssd/software/HPCKit/25.2.1/kml/bisheng/lib/noarch/kvml/single -L/work_ssd/software/HPCKit/25.2.1/kml/bisheng/lib/neon/kspblas/multi -L/work_ssd/software/HPCKit/25.2.1/kml/bisheng/lib/neon/kblas/multi -L/work_ssd/software/HPCKit/25.2.1/kml/bisheng/lib CMakeFiles/cmTC_f9f4e.dir/CMakeCCompilerABI.c.o -lgcc --as-needed -lgcc_s --no-as-needed -lc -lgcc --as-needed -lgcc_s --no-as-needed /usr/lib/gcc/aarch64-linux-gnu/10.3.1/crtendS.o /usr/lib/gcc/aarch64-linux-gnu/10.3.1/../../../../lib64/crtn.o
gmake[1]: Leaving directory '/home/share/daizhe/qhz/uTaskTree_v5/build/CMakeFiles/CMakeTmp'



Parsed C implicit include dir info from above output: rv=done
  found start of include info
  found start of implicit include info
    add: [/work_ssd/software/HPCKit/25.2.1/kutacc/bisheng/include]
    add: [/work_ssd/software/HPCKit/25.2.1/kuqcd/bisheng/include]
    add: [/work_ssd/software/HPCKit/25.2.1/kupl/bisheng/release/include]
    add: [/work_ssd/software/HPCKit/25.2.1/kudnn/bisheng/include]
    add: [/work_ssd/software/HPCKit/25.2.1/kml/bisheng/include]
    add: [.]
    add: [/work_ssd/software/HPCKit/25.2.1/compiler/bisheng/lib/clang/19/include]
    add: [/usr/local/include]
    add: [/usr/include]
  end of search list found
  collapse include dir [/work_ssd/software/HPCKit/25.2.1/kutacc/bisheng/include] ==> [/work_ssd/software/HPCKit/25.2.1/kutacc/bisheng/include]
  collapse include dir [/work_ssd/software/HPCKit/25.2.1/kuqcd/bisheng/include] ==> [/work_ssd/software/HPCKit/25.2.1/kuqcd/bisheng/include]
  collapse include dir [/work_ssd/software/HPCKit/25.2.1/kupl/bisheng/release/include] ==> [/work_ssd/software/HPCKit/25.2.1/kupl/bisheng/release/include]
  collapse include dir [/work_ssd/software/HPCKit/25.2.1/kudnn/bisheng/include] ==> [/work_ssd/software/HPCKit/25.2.1/kudnn/bisheng/include]
  collapse include dir [/work_ssd/software/HPCKit/25.2.1/kml/bisheng/include] ==> [/work_ssd/software/HPCKit/25.2.1/kml/bisheng/include]
  skipping relative include dir [.]
  collapse include dir [/work_ssd/software/HPCKit/25.2.1/compiler/bisheng/lib/clang/19/include] ==> [/work_ssd/software/HPCKit/25.2.1/compiler/bisheng/lib/clang/19/include]
  collapse include dir [/usr/local/include] ==> [/usr/local/include]
  collapse include dir [/usr/include] ==> [/usr/include]
  implicit include dirs: [/work_ssd/software/HPCKit/25.2.1/kutacc/bisheng/include;/work_ssd/software/HPCKit/25.2.1/kuqcd/bisheng/include;/work_ssd/software/HPCKit/25.2.1/kupl/bisheng/release/include;/work_ssd/software/HPCKit/25.2.1/kudnn/bisheng/include;/work_ssd/software/HPCKit/25.2.1/kml/bisheng/include;/work_ssd/software/HPCKit/25.2.1/compiler/bisheng/lib/clang/19/include;/usr/local/include;/usr/include]


Parsed C implicit link information from above output:
  link line regex: [^( *|.*[/\])(ld\.lld|CMAKE_LINK_STARTFILE-NOTFOUND|([^/\]+-)?ld|collect2)[^/\]*( |$)]
  ignore line: [Change Dir: /home/share/daizhe/qhz/uTaskTree_v5/build/CMakeFiles/CMakeTmp]
  ignore line: []
  ignore line: [Run Build Command(s):/usr/bin/gmake -f Makefile cmTC_f9f4e/fast && /usr/bin/gmake  -f CMakeFiles/cmTC_f9f4e.dir/build.make CMakeFiles/cmTC_f9f4e.dir/build]
  ignore line: [gmake[1]: Entering directory '/home/share/daizhe/qhz/uTaskTree_v5/build/CMakeFiles/CMakeTmp']
  ignore line: [Building C object CMakeFiles/cmTC_f9f4e.dir/CMakeCCompilerABI.c.o]
  ignore line: [/work_ssd/software/HPCKit/25.2.1/compiler/bisheng/bin/clang   -v -MD -MT CMakeFiles/cmTC_f9f4e.dir/CMakeCCompilerABI.c.o -MF CMakeFiles/cmTC_f9f4e.dir/CMakeCCompilerABI.c.o.d -o CMakeFiles/cmTC_f9f4e.dir/CMakeCCompilerABI.c.o -c /usr/share/cmake/Modules/CMakeCCompilerABI.c]
  ignore line: [BiSheng Enterprise 5.0.0.2 clang version 19.1.7 (ec639bb0a2f0)]
  ignore line: [Target: aarch64-unknown-linux-gnu]
  ignore line: [Thread model: posix]
  ignore line: [InstalledDir: /work_ssd/software/HPCKit/25.2.1/compiler/bisheng/bin]
  ignore line: [Found candidate GCC installation: /usr/lib/gcc/aarch64-linux-gnu/10.3.1]
  ignore line: [Selected GCC installation: /usr/lib/gcc/aarch64-linux-gnu/10.3.1]
  ignore line: [Candidate multilib: .]
  ignore line: [@m64]
  ignore line: [Selected multilib: .]
  ignore line: [@m64]
  ignore line: [ (in-process)]
  ignore line: [ "/work_ssd/software/HPCKit/25.2.1/compiler/bisheng/bin/clang-19" -cc1 -triple aarch64-unknown-linux-gnu -emit-obj -disable-free -clear-ast-before-backend -disable-llvm-verifier -discard-value-names -main-file-name CMakeCCompilerABI.c -mrelocation-model pic -pic-level 2 -pic-is-pie -mframe-pointer=non-leaf -conservative-aliasing -fmath-errno -ffp-contract=fast -fno-rounding-math -mconstructor-aliases -funwind-tables=2 -target-cpu generic -target-feature +v8a -target-feature +fp-armv8 -target-feature +neon -mcompatible-sme-check -target-abi aapcs -debugger-tuning=gdb -fdebug-compilation-dir=/home/share/daizhe/qhz/uTaskTree_v5/build/CMakeFiles/CMakeTmp -v -fcoverage-compilation-dir=/home/share/daizhe/qhz/uTaskTree_v5/build/CMakeFiles/CMakeTmp -resource-dir /work_ssd/software/HPCKit/25.2.1/compiler/bisheng/lib/clang/19 -dependency-file CMakeFiles/cmTC_f9f4e.dir/CMakeCCompilerABI.c.o.d -MT CMakeFiles/cmTC_f9f4e.dir/CMakeCCompilerABI.c.o -sys-header-deps -I/work_ssd/software/HPCKit/25.2.1/kutacc/bisheng/include -I/work_ssd/software/HPCKit/25.2.1/kuqcd/bisheng/include -I/work_ssd/software/HPCKit/25.2.1/kupl/bisheng/release/include -I/work_ssd/software/HPCKit/25.2.1/kudnn/bisheng/include -I/work_ssd/software/HPCKit/25.2.1/kml/bisheng/include -I. -internal-isystem /work_ssd/software/HPCKit/25.2.1/compiler/bisheng/lib/clang/19/include -internal-isystem /usr/local/include -internal-isystem /usr/lib/gcc/aarch64-linux-gnu/10.3.1/../../../../aarch64-linux-gnu/include -internal-externc-isystem /include -internal-externc-isystem /usr/include -ferror-limit 19 -fno-signed-char -fgnuc-version=4.2.1 -fskip-odr-check-in-gmf -target-feature -fmv -faddrsig -D__GCC_HAVE_DWARF2_CFI_ASM=1 -o CMakeFiles/cmTC_f9f4e.dir/CMakeCCompilerABI.c.o -x c /usr/share/cmake/Modules/CMakeCCompilerABI.c]
  ignore line: [clang -cc1 version 19.1.7 based upon LLVM 19.1.7 default target aarch64-unknown-linux-gnu]
  ignore line: [ignoring nonexistent directory "/usr/lib/gcc/aarch64-linux-gnu/10.3.1/../../../../aarch64-linux-gnu/include"]
  ignore line: [ignoring nonexistent directory "/include"]
  ignore line: [#include "..." search starts here:]
  ignore line: [#include <...> search starts here:]
  ignore line: [ /work_ssd/software/HPCKit/25.2.1/kutacc/bisheng/include]
  ignore line: [ /work_ssd/software/HPCKit/25.2.1/kuqcd/bisheng/include]
  ignore line: [ /work_ssd/software/HPCKit/25.2.1/kupl/bisheng/release/include]
  ignore line: [ /work_ssd/software/HPCKit/25.2.1/kudnn/bisheng/include]
  ignore line: [ /work_ssd/software/HPCKit/25.2.1/kml/bisheng/include]
  ignore line: [ .]
  ignore line: [ /work_ssd/software/HPCKit/25.2.1/compiler/bisheng/lib/clang/19/include]
  ignore line: [ /usr/local/include]
  ignore line: [ /usr/include]
  ignore line: [End of search list.]
  ignore line: [Linking C executable cmTC_f9f4e]
  ignore line: [/usr/bin/cmake -E cmake_link_script CMakeFiles/cmTC_f9f4e.dir/link.txt --verbose=1]
  ignore line: [/work_ssd/software/HPCKit/25.2.1/compiler/bisheng/bin/clang  -v -rdynamic CMakeFiles/cmTC_f9f4e.dir/CMakeCCompilerABI.c.o -o cmTC_f9f4e ]
  ignore line: [BiSheng Enterprise 5.0.0.2 clang version 19.1.7 (ec639bb0a2f0)]
  ignore line: [Target: aarch64-unknown-linux-gnu]
  ignore line: [Thread model: posix]
  ignore line: [InstalledDir: /work_ssd/software/HPCKit/25.2.1/compiler/bisheng/bin]
  ignore line: [Found candidate GCC installation: /usr/lib/gcc/aarch64-linux-gnu/10.3.1]
  ignore line: [Selected GCC installation: /usr/lib/gcc/aarch64-linux-gnu/10.3.1]
  ignore line: [Candidate multilib: .]
  ignore line: [@m64]
  ignore line: [Selected multilib: .]
  ignore line: [@m64]
  link line: [ "/usr/bin/ld" -EL --hash-style=gnu --eh-frame-hdr -m aarch64linux -export-dynamic -pie -dynamic-linker /lib/ld-linux-aarch64.so.1 -o cmTC_f9f4e /usr/lib/gcc/aarch64-linux-gnu/10.3.1/../../../../lib64/Scrt1.o /usr/lib/gcc/aarch64-linux-gnu/10.3.1/../../../../lib64/crti.o /usr/lib/gcc/aarch64-linux-gnu/10.3.1/crtbeginS.o -L/work_ssd/software/HPCKit/25.2.1/compiler/bisheng/bin/../lib/aarch64-unknown-linux-gnu -L/work_ssd/software/HPCKit/25.2.1/compiler/bisheng/lib/clang/19/lib/aarch64-unknown-linux-gnu -L/usr/lib/gcc/aarch64-linux-gnu/10.3.1 -L/usr/lib/gcc/aarch64-linux-gnu/10.3.1/../../../../lib64 -L/lib/aarch64-linux-gnu -L/lib/../lib64 -L/usr/lib/aarch64-linux-gnu -L/usr/lib/../lib64 -L/work_ssd/software/HPCKit/25.2.1/compiler/bisheng/bin/../lib -L/lib -L/usr/lib -L/work_ssd/software/HPCKit/25.2.1/kutacc/bisheng/lib -L/work_ssd/software/HPCKit/25.2.1/kuqcd/bisheng/lib -L/work_ssd/software/HPCKit/25.2.1/kupl/bisheng/release/lib -L/work_ssd/software/HPCKit/25.2.1/kudnn/bisheng/lib -L/work_ssd/software/HPCKit/25.2.1/kml/bisheng/lib/sme/kblas/multi -L/work_ssd/software/HPCKit/25.2.1/kml/bisheng/lib/neon -L/work_ssd/software/HPCKit/25.2.1/kml/bisheng/lib/noarch -L/work_ssd/software/HPCKit/25.2.1/kml/bisheng/lib/noarch/kvml/single -L/work_ssd/software/HPCKit/25.2.1/kml/bisheng/lib/neon/kspblas/multi -L/work_ssd/software/HPCKit/25.2.1/kml/bisheng/lib/neon/kblas/multi -L/work_ssd/software/HPCKit/25.2.1/kml/bisheng/lib CMakeFiles/cmTC_f9f4e.dir/CMakeCCompilerABI.c.o -lgcc --as-needed -lgcc_s --no-as-needed -lc -lgcc --as-needed -lgcc_s --no-as-needed /usr/lib/gcc/aarch64-linux-gnu/10.3.1/crtendS.o /usr/lib/gcc/aarch64-linux-gnu/10.3.1/../../../../lib64/crtn.o]
    arg [/usr/bin/ld] ==> ignore
    arg [-EL] ==> ignore
    arg [--hash-style=gnu] ==> ignore
    arg [--eh-frame-hdr] ==> ignore
    arg [-m] ==> ignore
    arg [aarch64linux] ==> ignore
    arg [-export-dynamic] ==> ignore
    arg [-pie] ==> ignore
    arg [-dynamic-linker] ==> ignore
    arg [/lib/ld-linux-aarch64.so.1] ==> ignore
    arg [-o] ==> ignore
    arg [cmTC_f9f4e] ==> ignore
    arg [/usr/lib/gcc/aarch64-linux-gnu/10.3.1/../../../../lib64/Scrt1.o] ==> obj [/usr/lib/gcc/aarch64-linux-gnu/10.3.1/../../../../lib64/Scrt1.o]
    arg [/usr/lib/gcc/aarch64-linux-gnu/10.3.1/../../../../lib64/crti.o] ==> obj [/usr/lib/gcc/aarch64-linux-gnu/10.3.1/../../../../lib64/crti.o]
    arg [/usr/lib/gcc/aarch64-linux-gnu/10.3.1/crtbeginS.o] ==> obj [/usr/lib/gcc/aarch64-linux-gnu/10.3.1/crtbeginS.o]
    arg [-L/work_ssd/software/HPCKit/25.2.1/compiler/bisheng/bin/../lib/aarch64-unknown-linux-gnu] ==> dir [/work_ssd/software/HPCKit/25.2.1/compiler/bisheng/bin/../lib/aarch64-unknown-linux-gnu]
    arg [-L/work_ssd/software/HPCKit/25.2.1/compiler/bisheng/lib/clang/19/lib/aarch64-unknown-linux-gnu] ==> dir [/work_ssd/software/HPCKit/25.2.1/compiler/bisheng/lib/clang/19/lib/aarch64-unknown-linux-gnu]
    arg [-L/usr/lib/gcc/aarch64-linux-gnu/10.3.1] ==> dir [/usr/lib/gcc/aarch64-linux-gnu/10.3.1]
    arg [-L/usr/lib/gcc/aarch64-linux-gnu/10.3.1/../../../../lib64] ==> dir [/usr/lib/gcc/aarch64-linux-gnu/10.3.1/../../../../lib64]
    arg [-L/lib/aarch64-linux-gnu] ==> dir [/lib/aarch64-linux-gnu]
    arg [-L/lib/../lib64] ==> dir [/lib/../lib64]
    arg [-L/usr/lib/aarch64-linux-gnu] ==> dir [/usr/lib/aarch64-linux-gnu]
    arg [-L/usr/lib/../lib64] ==> dir [/usr/lib/../lib64]
    arg [-L/work_ssd/software/HPCKit/25.2.1/compiler/bisheng/bin/../lib] ==> dir [/work_ssd/software/HPCKit/25.2.1/compiler/bisheng/bin/../lib]
    arg [-L/lib] ==> dir [/lib]
    arg [-L/usr/lib] ==> dir [/usr/lib]
    arg [-L/work_ssd/software/HPCKit/25.2.1/kutacc/bisheng/lib] ==> dir [/work_ssd/software/HPCKit/25.2.1/kutacc/bisheng/lib]
    arg [-L/work_ssd/software/HPCKit/25.2.1/kuqcd/bisheng/lib] ==> dir [/work_ssd/software/HPCKit/25.2.1/kuqcd/bisheng/lib]
    arg [-L/work_ssd/software/HPCKit/25.2.1/kupl/bisheng/release/lib] ==> dir [/work_ssd/software/HPCKit/25.2.1/kupl/bisheng/release/lib]
    arg [-L/work_ssd/software/HPCKit/25.2.1/kudnn/bisheng/lib] ==> dir [/work_ssd/software/HPCKit/25.2.1/kudnn/bisheng/lib]
    arg [-L/work_ssd/software/HPCKit/25.2.1/kml/bisheng/lib/sme/kblas/multi] ==> dir [/work_ssd/software/HPCKit/25.2.1/kml/bisheng/lib/sme/kblas/multi]
    arg [-L/work_ssd/software/HPCKit/25.2.1/kml/bisheng/lib/neon] ==> dir [/work_ssd/software/HPCKit/25.2.1/kml/bisheng/lib/neon]
    arg [-L/work_ssd/software/HPCKit/25.2.1/kml/bisheng/lib/noarch] ==> dir [/work_ssd/software/HPCKit/25.2.1/kml/bisheng/lib/noarch]
    arg [-L/work_ssd/software/HPCKit/25.2.1/kml/bisheng/lib/noarch/kvml/single] ==> dir [/work_ssd/software/HPCKit/25.2.1/kml/bisheng/lib/noarch/kvml/single]
    arg [-L/work_ssd/software/HPCKit/25.2.1/kml/bisheng/lib/neon/kspblas/multi] ==> dir [/work_ssd/software/HPCKit/25.2.1/kml/bisheng/lib/neon/kspblas/multi]
    arg [-L/work_ssd/software/HPCKit/25.2.1/kml/bisheng/lib/neon/kblas/multi] ==> dir [/work_ssd/software/HPCKit/25.2.1/kml/bisheng/lib/neon/kblas/multi]
    arg [-L/work_ssd/software/HPCKit/25.2.1/kml/bisheng/lib] ==> dir [/work_ssd/software/HPCKit/25.2.1/kml/bisheng/lib]
    arg [CMakeFiles/cmTC_f9f4e.dir/CMakeCCompilerABI.c.o] ==> ignore
    arg [-lgcc] ==> lib [gcc]
    arg [--as-needed] ==> ignore
    arg [-lgcc_s] ==> lib [gcc_s]
    arg [--no-as-needed] ==> ignore
    arg [-lc] ==> lib [c]
    arg [-lgcc] ==> lib [gcc]
    arg [--as-needed] ==> ignore
    arg [-lgcc_s] ==> lib [gcc_s]
    arg [--no-as-needed] ==> ignore
    arg [/usr/lib/gcc/aarch64-linux-gnu/10.3.1/crtendS.o] ==> obj [/usr/lib/gcc/aarch64-linux-gnu/10.3.1/crtendS.o]
    arg [/usr/lib/gcc/aarch64-linux-gnu/10.3.1/../../../../lib64/crtn.o] ==> obj [/usr/lib/gcc/aarch64-linux-gnu/10.3.1/../../../../lib64/crtn.o]
  collapse obj [/usr/lib/gcc/aarch64-linux-gnu/10.3.1/../../../../lib64/Scrt1.o] ==> [/usr/lib64/Scrt1.o]
  collapse obj [/usr/lib/gcc/aarch64-linux-gnu/10.3.1/../../../../lib64/crti.o] ==> [/usr/lib64/crti.o]
  collapse obj [/usr/lib/gcc/aarch64-linux-gnu/10.3.1/../../../../lib64/crtn.o] ==> [/usr/lib64/crtn.o]
  collapse library dir [/work_ssd/software/HPCKit/25.2.1/compiler/bisheng/bin/../lib/aarch64-unknown-linux-gnu] ==> [/work_ssd/software/HPCKit/25.2.1/compiler/bisheng/lib/aarch64-unknown-linux-gnu]
  collapse library dir [/work_ssd/software/HPCKit/25.2.1/compiler/bisheng/lib/clang/19/lib/aarch64-unknown-linux-gnu] ==> [/work_ssd/software/HPCKit/25.2.1/compiler/bisheng/lib/clang/19/lib/aarch64-unknown-linux-gnu]
  collapse library dir [/usr/lib/gcc/aarch64-linux-gnu/10.3.1] ==> [/usr/lib/gcc/aarch64-linux-gnu/10.3.1]
  collapse library dir [/usr/lib/gcc/aarch64-linux-gnu/10.3.1/../../../../lib64] ==> [/usr/lib64]
  collapse library dir [/lib/aarch64-linux-gnu] ==> [/lib/aarch64-linux-gnu]
  collapse library dir [/lib/../lib64] ==> [/lib64]
  collapse library dir [/usr/lib/aarch64-linux-gnu] ==> [/usr/lib/aarch64-linux-gnu]
  collapse library dir [/usr/lib/../lib64] ==> [/usr/lib64]
  collapse library dir [/work_ssd/software/HPCKit/25.2.1/compiler/bisheng/bin/../lib] ==> [/work_ssd/software/HPCKit/25.2.1/compiler/bisheng/lib]
  collapse library dir [/lib] ==> [/lib]
  collapse library dir [/usr/lib] ==> [/usr/lib]
  collapse library dir [/work_ssd/software/HPCKit/25.2.1/kutacc/bisheng/lib] ==> [/work_ssd/software/HPCKit/25.2.1/kutacc/bisheng/lib]
  collapse library dir [/work_ssd/software/HPCKit/25.2.1/kuqcd/bisheng/lib] ==> [/work_ssd/software/HPCKit/25.2.1/kuqcd/bisheng/lib]
  collapse library dir [/work_ssd/software/HPCKit/25.2.1/kupl/bisheng/release/lib] ==> [/work_ssd/software/HPCKit/25.2.1/kupl/bisheng/release/lib]
  collapse library dir [/work_ssd/software/HPCKit/25.2.1/kudnn/bisheng/lib] ==> [/work_ssd/software/HPCKit/25.2.1/kudnn/bisheng/lib]
  collapse library dir [/work_ssd/software/HPCKit/25.2.1/kml/bisheng/lib/sme/kblas/multi] ==> [/work_ssd/software/HPCKit/25.2.1/kml/bisheng/lib/sme/kblas/multi]
  collapse library dir [/work_ssd/software/HPCKit/25.2.1/kml/bisheng/lib/neon] ==> [/work_ssd/software/HPCKit/25.2.1/kml/bisheng/lib/neon]
  collapse library dir [/work_ssd/software/HPCKit/25.2.1/kml/bisheng/lib/noarch] ==> [/work_ssd/software/HPCKit/25.2.1/kml/bisheng/lib/noarch]
  collapse library dir [/work_ssd/software/HPCKit/25.2.1/kml/bisheng/lib/noarch/kvml/single] ==> [/work_ssd/software/HPCKit/25.2.1/kml/bisheng/lib/noarch/kvml/single]
  collapse library dir [/work_ssd/software/HPCKit/25.2.1/kml/bisheng/lib/neon/kspblas/multi] ==> [/work_ssd/software/HPCKit/25.2.1/kml/bisheng/lib/neon/kspblas/multi]
  collapse library dir [/work_ssd/software/HPCKit/25.2.1/kml/bisheng/lib/neon/kblas/multi] ==> [/work_ssd/software/HPCKit/25.2.1/kml/bisheng/lib/neon/kblas/multi]
  collapse library dir [/work_ssd/software/HPCKit/25.2.1/kml/bisheng/lib] ==> [/work_ssd/software/HPCKit/25.2.1/kml/bisheng/lib]
  implicit libs: [gcc;gcc_s;c;gcc;gcc_s]
  implicit objs: [/usr/lib64/Scrt1.o;/usr/lib64/crti.o;/usr/lib/gcc/aarch64-linux-gnu/10.3.1/crtbeginS.o;/usr/lib/gcc/aarch64-linux-gnu/10.3.1/crtendS.o;/usr/lib64/crtn.o]
  implicit dirs: [/work_ssd/software/HPCKit/25.2.1/compiler/bisheng/lib/aarch64-unknown-linux-gnu;/work_ssd/software/HPCKit/25.2.1/compiler/bisheng/lib/clang/19/lib/aarch64-unknown-linux-gnu;/usr/lib/gcc/aarch64-linux-gnu/10.3.1;/usr/lib64;/lib/aarch64-linux-gnu;/lib64;/usr/lib/aarch64-linux-gnu;/work_ssd/software/HPCKit/25.2.1/compiler/bisheng/lib;/lib;/usr/lib;/work_ssd/software/HPCKit/25.2.1/kutacc/bisheng/lib;/work_ssd/software/HPCKit/25.2.1/kuqcd/bisheng/lib;/work_ssd/software/HPCKit/25.2.1/kupl/bisheng/release/lib;/work_ssd/software/HPCKit/25.2.1/kudnn/bisheng/lib;/work_ssd/software/HPCKit/25.2.1/kml/bisheng/lib/sme/kblas/multi;/work_ssd/software/HPCKit/25.2.1/kml/bisheng/lib/neon;/work_ssd/software/HPCKit/25.2.1/kml/bisheng/lib/noarch;/work_ssd/software/HPCKit/25.2.1/kml/bisheng/lib/noarch/kvml/single;/work_ssd/software/HPCKit/25.2.1/kml/bisheng/lib/neon/kspblas/multi;/work_ssd/software/HPCKit/25.2.1/kml/bisheng/lib/neon/kblas/multi;/work_ssd/software/HPCKit/25.2.1/kml/bisheng/lib]
  implicit fwks: []


Detecting CXX compiler ABI info compiled with the following output:
Change Dir: /home/share/daizhe/qhz/uTaskTree_v5/build/CMakeFiles/CMakeTmp

Run Build Command(s):/usr/bin/gmake -f Makefile cmTC_b0a16/fast && /usr/bin/gmake  -f CMakeFiles/cmTC_b0a16.dir/build.make CMakeFiles/cmTC_b0a16.dir/build
gmake[1]: Entering directory '/home/share/daizhe/qhz/uTaskTree_v5/build/CMakeFiles/CMakeTmp'
Building CXX object CMakeFiles/cmTC_b0a16.dir/CMakeCXXCompilerABI.cpp.o
/work_ssd/software/HPCKit/25.2.1/compiler/bisheng/bin/clang++   -march=armv8-a+sve    -v -MD -MT CMakeFiles/cmTC_b0a16.dir/CMakeCXXCompilerABI.cpp.o -MF CMakeFiles/cmTC_b0a16.dir/CMakeCXXCompilerABI.cpp.o.d -o CMakeFiles/cmTC_b0a16.dir/CMakeCXXCompilerABI.cpp.o -c /usr/share/cmake/Modules/CMakeCXXCompilerABI.cpp
BiSheng Enterprise 5.0.0.2 clang version 19.1.7 (ec639bb0a2f0)
Target: aarch64-unknown-linux-gnu
Thread model: posix
InstalledDir: /work_ssd/software/HPCKit/25.2.1/compiler/bisheng/bin
Found candidate GCC installation: /usr/lib/gcc/aarch64-linux-gnu/10.3.1
Selected GCC installation: /usr/lib/gcc/aarch64-linux-gnu/10.3.1
Candidate multilib: .;@m64
Selected multilib: .;@m64
 (in-process)
 "/work_ssd/software/HPCKit/25.2.1/compiler/bisheng/bin/clang-19" -cc1 -triple aarch64-unknown-linux-gnu -emit-obj -disable-free -clear-ast-before-backend -disable-llvm-verifier -discard-value-names -main-file-name CMakeCXXCompilerABI.cpp -mrelocation-model pic -pic-level 2 -pic-is-pie -mframe-pointer=non-leaf -conservative-aliasing -fmath-errno -ffp-contract=fast -fno-rounding-math -mconstructor-aliases -funwind-tables=2 -target-cpu generic -target-feature +v8a -target-feature +fp-armv8 -target-feature +fullfp16 -target-feature +neon -target-feature +sve -mcompatible-sme-check -target-abi aapcs -debugger-tuning=gdb -fdebug-compilation-dir=/home/share/daizhe/qhz/uTaskTree_v5/build/CMakeFiles/CMakeTmp -v -fcoverage-compilation-dir=/home/share/daizhe/qhz/uTaskTree_v5/build/CMakeFiles/CMakeTmp -resource-dir /work_ssd/software/HPCKit/25.2.1/compiler/bisheng/lib/clang/19 -dependency-file CMakeFiles/cmTC_b0a16.dir/CMakeCXXCompilerABI.cpp.o.d -MT CMakeFiles/cmTC_b0a16.dir/CMakeCXXCompilerABI.cpp.o -sys-header-deps -I/work_ssd/software/HPCKit/25.2.1/kutacc/bisheng/include -I/work_ssd/software/HPCKit/25.2.1/kuqcd/bisheng/include -I/work_ssd/software/HPCKit/25.2.1/kupl/bisheng/release/include -I/work_ssd/software/HPCKit/25.2.1/kudnn/bisheng/include -I/work_ssd/software/HPCKit/25.2.1/kml/bisheng/include -I. -internal-isystem /usr/lib/gcc/aarch64-linux-gnu/10.3.1/../../../../include/c++/10.3.1 -internal-isystem /usr/lib/gcc/aarch64-linux-gnu/10.3.1/../../../../include/c++/10.3.1/aarch64-linux-gnu -internal-isystem /usr/lib/gcc/aarch64-linux-gnu/10.3.1/../../../../include/c++/10.3.1/backward -internal-isystem /work_ssd/software/HPCKit/25.2.1/compiler/bisheng/lib/clang/19/include -internal-isystem /usr/local/include -internal-isystem /usr/lib/gcc/aarch64-linux-gnu/10.3.1/../../../../aarch64-linux-gnu/include -internal-externc-isystem /include -internal-externc-isystem /usr/include -fdeprecated-macro -ferror-limit 19 -fno-signed-char -fgnuc-version=4.2.1 -fskip-odr-check-in-gmf -fcxx-exceptions -fexceptions -target-feature -fmv -faddrsig -D__GCC_HAVE_DWARF2_CFI_ASM=1 -o CMakeFiles/cmTC_b0a16.dir/CMakeCXXCompilerABI.cpp.o -x c++ /usr/share/cmake/Modules/CMakeCXXCompilerABI.cpp
clang -cc1 version 19.1.7 based upon LLVM 19.1.7 default target aarch64-unknown-linux-gnu
ignoring nonexistent directory "/usr/lib/gcc/aarch64-linux-gnu/10.3.1/../../../../aarch64-linux-gnu/include"
ignoring nonexistent directory "/include"
#include "..." search starts here:
#include <...> search starts here:
 /work_ssd/software/HPCKit/25.2.1/kutacc/bisheng/include
 /work_ssd/software/HPCKit/25.2.1/kuqcd/bisheng/include
 /work_ssd/software/HPCKit/25.2.1/kupl/bisheng/release/include
 /work_ssd/software/HPCKit/25.2.1/kudnn/bisheng/include
 /work_ssd/software/HPCKit/25.2.1/kml/bisheng/include
 .
 /usr/lib/gcc/aarch64-linux-gnu/10.3.1/../../../../include/c++/10.3.1
 /usr/lib/gcc/aarch64-linux-gnu/10.3.1/../../../../include/c++/10.3.1/aarch64-linux-gnu
 /usr/lib/gcc/aarch64-linux-gnu/10.3.1/../../../../include/c++/10.3.1/backward
 /work_ssd/software/HPCKit/25.2.1/compiler/bisheng/lib/clang/19/include
 /usr/local/include
 /usr/include
End of search list.
Linking CXX executable cmTC_b0a16
/usr/bin/cmake -E cmake_link_script CMakeFiles/cmTC_b0a16.dir/link.txt --verbose=1
/work_ssd/software/HPCKit/25.2.1/compiler/bisheng/bin/clang++ -march=armv8-a+sve   -v -rdynamic CMakeFiles/cmTC_b0a16.dir/CMakeCXXCompilerABI.cpp.o -o cmTC_b0a16 
BiSheng Enterprise 5.0.0.2 clang version 19.1.7 (ec639bb0a2f0)
Target: aarch64-unknown-linux-gnu
Thread model: posix
InstalledDir: /work_ssd/software/HPCKit/25.2.1/compiler/bisheng/bin
Found candidate GCC installation: /usr/lib/gcc/aarch64-linux-gnu/10.3.1
Selected GCC installation: /usr/lib/gcc/aarch64-linux-gnu/10.3.1
Candidate multilib: .;@m64
Selected multilib: .;@m64
 "/usr/bin/ld" -EL --hash-style=gnu --eh-frame-hdr -m aarch64linux -export-dynamic -pie -dynamic-linker /lib/ld-linux-aarch64.so.1 -o cmTC_b0a16 /usr/lib/gcc/aarch64-linux-gnu/10.3.1/../../../../lib64/Scrt1.o /usr/lib/gcc/aarch64-linux-gnu/10.3.1/../../../../lib64/crti.o /usr/lib/gcc/aarch64-linux-gnu/10.3.1/crtbeginS.o -L/work_ssd/software/HPCKit/25.2.1/compiler/bisheng/bin/../lib/aarch64-unknown-linux-gnu -L/work_ssd/software/HPCKit/25.2.1/compiler/bisheng/lib/clang/19/lib/aarch64-unknown-linux-gnu -L/usr/lib/gcc/aarch64-linux-gnu/10.3.1 -L/usr/lib/gcc/aarch64-linux-gnu/10.3.1/../../../../lib64 -L/lib/aarch64-linux-gnu -L/lib/../lib64 -L/usr/lib/aarch64-linux-gnu -L/usr/lib/../lib64 -L/work_ssd/software/HPCKit/25.2.1/compiler/bisheng/bin/../lib -L/lib -L/usr/lib -L/work_ssd/software/HPCKit/25.2.1/kutacc/bisheng/lib -L/work_ssd/software/HPCKit/25.2.1/kuqcd/bisheng/lib -L/work_ssd/software/HPCKit/25.2.1/kupl/bisheng/release/lib -L/work_ssd/software/HPCKit/25.2.1/kudnn/bisheng/lib -L/work_ssd/software/HPCKit/25.2.1/kml/bisheng/lib/sme/kblas/multi -L/work_ssd/software/HPCKit/25.2.1/kml/bisheng/lib/neon -L/work_ssd/software/HPCKit/25.2.1/kml/bisheng/lib/noarch -L/work_ssd/software/HPCKit/25.2.1/kml/bisheng/lib/noarch/kvml/single -L/work_ssd/software/HPCKit/25.2.1/kml/bisheng/lib/neon/kspblas/multi -L/work_ssd/software/HPCKit/25.2.1/kml/bisheng/lib/neon/kblas/multi -L/work_ssd/software/HPCKit/25.2.1/kml/bisheng/lib CMakeFiles/cmTC_b0a16.dir/CMakeCXXCompilerABI.cpp.o -lstdc++ -lm -lgcc_s -lgcc -lc -lgcc_s -lgcc /usr/lib/gcc/aarch64-linux-gnu/10.3.1/crtendS.o /usr/lib/gcc/aarch64-linux-gnu/10.3.1/../../../../lib64/crtn.o
gmake[1]: Leaving directory '/home/share/daizhe/qhz/uTaskTree_v5/build/CMakeFiles/CMakeTmp'



Parsed CXX implicit include dir info from above output: rv=done
  found start of include info
  found start of implicit include info
    add: [/work_ssd/software/HPCKit/25.2.1/kutacc/bisheng/include]
    add: [/work_ssd/software/HPCKit/25.2.1/kuqcd/bisheng/include]
    add: [/work_ssd/software/HPCKit/25.2.1/kupl/bisheng/release/include]
    add: [/work_ssd/software/HPCKit/25.2.1/kudnn/bisheng/include]
    add: [/work_ssd/software/HPCKit/25.2.1/kml/bisheng/include]
    add: [.]
    add: [/usr/lib/gcc/aarch64-linux-gnu/10.3.1/../../../../include/c++/10.3.1]
    add: [/usr/lib/gcc/aarch64-linux-gnu/10.3.1/../../../../include/c++/10.3.1/aarch64-linux-gnu]
    add: [/usr/lib/gcc/aarch64-linux-gnu/10.3.1/../../../../include/c++/10.3.1/backward]
    add: [/work_ssd/software/HPCKit/25.2.1/compiler/bisheng/lib/clang/19/include]
    add: [/usr/local/include]
    add: [/usr/include]
  end of search list found
  collapse include dir [/work_ssd/software/HPCKit/25.2.1/kutacc/bisheng/include] ==> [/work_ssd/software/HPCKit/25.2.1/kutacc/bisheng/include]
  collapse include dir [/work_ssd/software/HPCKit/25.2.1/kuqcd/bisheng/include] ==> [/work_ssd/software/HPCKit/25.2.1/kuqcd/bisheng/include]
  collapse include dir [/work_ssd/software/HPCKit/25.2.1/kupl/bisheng/release/include] ==> [/work_ssd/software/HPCKit/25.2.1/kupl/bisheng/release/include]
  collapse include dir [/work_ssd/software/HPCKit/25.2.1/kudnn/bisheng/include] ==> [/work_ssd/software/HPCKit/25.2.1/kudnn/bisheng/include]
  collapse include dir [/work_ssd/software/HPCKit/25.2.1/kml/bisheng/include] ==> [/work_ssd/software/HPCKit/25.2.1/kml/bisheng/include]
  skipping relative include dir [.]
  collapse include dir [/usr/lib/gcc/aarch64-linux-gnu/10.3.1/../../../../include/c++/10.3.1] ==> [/usr/include/c++/10.3.1]
  collapse include dir [/usr/lib/gcc/aarch64-linux-gnu/10.3.1/../../../../include/c++/10.3.1/aarch64-linux-gnu] ==> [/usr/include/c++/10.3.1/aarch64-linux-gnu]
  collapse include dir [/usr/lib/gcc/aarch64-linux-gnu/10.3.1/../../../../include/c++/10.3.1/backward] ==> [/usr/include/c++/10.3.1/backward]
  collapse include dir [/work_ssd/software/HPCKit/25.2.1/compiler/bisheng/lib/clang/19/include] ==> [/work_ssd/software/HPCKit/25.2.1/compiler/bisheng/lib/clang/19/include]
  collapse include dir [/usr/local/include] ==> [/usr/local/include]
  collapse include dir [/usr/include] ==> [/usr/include]
  implicit include dirs: [/work_ssd/software/HPCKit/25.2.1/kutacc/bisheng/include;/work_ssd/software/HPCKit/25.2.1/kuqcd/bisheng/include;/work_ssd/software/HPCKit/25.2.1/kupl/bisheng/release/include;/work_ssd/software/HPCKit/25.2.1/kudnn/bisheng/include;/work_ssd/software/HPCKit/25.2.1/kml/bisheng/include;/usr/include/c++/10.3.1;/usr/include/c++/10.3.1/aarch64-linux-gnu;/usr/include/c++/10.3.1/backward;/work_ssd/software/HPCKit/25.2.1/compiler/bisheng/lib/clang/19/include;/usr/local/include;/usr/include]


Parsed CXX implicit link information from above output:
  link line regex: [^( *|.*[/\])(ld\.lld|CMAKE_LINK_STARTFILE-NOTFOUND|([^/\]+-)?ld|collect2)[^/\]*( |$)]
  ignore line: [Change Dir: /home/share/daizhe/qhz/uTaskTree_v5/build/CMakeFiles/CMakeTmp]
  ignore line: []
  ignore line: [Run Build Command(s):/usr/bin/gmake -f Makefile cmTC_b0a16/fast && /usr/bin/gmake  -f CMakeFiles/cmTC_b0a16.dir/build.make CMakeFiles/cmTC_b0a16.dir/build]
  ignore line: [gmake[1]: Entering directory '/home/share/daizhe/qhz/uTaskTree_v5/build/CMakeFiles/CMakeTmp']
  ignore line: [Building CXX object CMakeFiles/cmTC_b0a16.dir/CMakeCXXCompilerABI.cpp.o]
  ignore line: [/work_ssd/software/HPCKit/25.2.1/compiler/bisheng/bin/clang++   -march=armv8-a+sve    -v -MD -MT CMakeFiles/cmTC_b0a16.dir/CMakeCXXCompilerABI.cpp.o -MF CMakeFiles/cmTC_b0a16.dir/CMakeCXXCompilerABI.cpp.o.d -o CMakeFiles/cmTC_b0a16.dir/CMakeCXXCompilerABI.cpp.o -c /usr/share/cmake/Modules/CMakeCXXCompilerABI.cpp]
  ignore line: [BiSheng Enterprise 5.0.0.2 clang version 19.1.7 (ec639bb0a2f0)]
  ignore line: [Target: aarch64-unknown-linux-gnu]
  ignore line: [Thread model: posix]
  ignore line: [InstalledDir: /work_ssd/software/HPCKit/25.2.1/compiler/bisheng/bin]
  ignore line: [Found candidate GCC installation: /usr/lib/gcc/aarch64-linux-gnu/10.3.1]
  ignore line: [Selected GCC installation: /usr/lib/gcc/aarch64-linux-gnu/10.3.1]
  ignore line: [Candidate multilib: .]
  ignore line: [@m64]
  ignore line: [Selected multilib: .]
  ignore line: [@m64]
  ignore line: [ (in-process)]
  ignore line: [ "/work_ssd/software/HPCKit/25.2.1/compiler/bisheng/bin/clang-19" -cc1 -triple aarch64-unknown-linux-gnu -emit-obj -disable-free -clear-ast-before-backend -disable-llvm-verifier -discard-value-names -main-file-name CMakeCXXCompilerABI.cpp -mrelocation-model pic -pic-level 2 -pic-is-pie -mframe-pointer=non-leaf -conservative-aliasing -fmath-errno -ffp-contract=fast -fno-rounding-math -mconstructor-aliases -funwind-tables=2 -target-cpu generic -target-feature +v8a -target-feature +fp-armv8 -target-feature +fullfp16 -target-feature +neon -target-feature +sve -mcompatible-sme-check -target-abi aapcs -debugger-tuning=gdb -fdebug-compilation-dir=/home/share/daizhe/qhz/uTaskTree_v5/build/CMakeFiles/CMakeTmp -v -fcoverage-compilation-dir=/home/share/daizhe/qhz/uTaskTree_v5/build/CMakeFiles/CMakeTmp -resource-dir /work_ssd/software/HPCKit/25.2.1/compiler/bisheng/lib/clang/19 -dependency-file CMakeFiles/cmTC_b0a16.dir/CMakeCXXCompilerABI.cpp.o.d -MT CMakeFiles/cmTC_b0a16.dir/CMakeCXXCompilerABI.cpp.o -sys-header-deps -I/work_ssd/software/HPCKit/25.2.1/kutacc/bisheng/include -I/work_ssd/software/HPCKit/25.2.1/kuqcd/bisheng/include -I/work_ssd/software/HPCKit/25.2.1/kupl/bisheng/release/include -I/work_ssd/software/HPCKit/25.2.1/kudnn/bisheng/include -I/work_ssd/software/HPCKit/25.2.1/kml/bisheng/include -I. -internal-isystem /usr/lib/gcc/aarch64-linux-gnu/10.3.1/../../../../include/c++/10.3.1 -internal-isystem /usr/lib/gcc/aarch64-linux-gnu/10.3.1/../../../../include/c++/10.3.1/aarch64-linux-gnu -internal-isystem /usr/lib/gcc/aarch64-linux-gnu/10.3.1/../../../../include/c++/10.3.1/backward -internal-isystem /work_ssd/software/HPCKit/25.2.1/compiler/bisheng/lib/clang/19/include -internal-isystem /usr/local/include -internal-isystem /usr/lib/gcc/aarch64-linux-gnu/10.3.1/../../../../aarch64-linux-gnu/include -internal-externc-isystem /include -internal-externc-isystem /usr/include -fdeprecated-macro -ferror-limit 19 -fno-signed-char -fgnuc-version=4.2.1 -fskip-odr-check-in-gmf -fcxx-exceptions -fexceptions -target-feature -fmv -faddrsig -D__GCC_HAVE_DWARF2_CFI_ASM=1 -o CMakeFiles/cmTC_b0a16.dir/CMakeCXXCompilerABI.cpp.o -x c++ /usr/share/cmake/Modules/CMakeCXXCompilerABI.cpp]
  ignore line: [clang -cc1 version 19.1.7 based upon LLVM 19.1.7 default target aarch64-unknown-linux-gnu]
  ignore line: [ignoring nonexistent directory "/usr/lib/gcc/aarch64-linux-gnu/10.3.1/../../../../aarch64-linux-gnu/include"]
  ignore line: [ignoring nonexistent directory "/include"]
  ignore line: [#include "..." search starts here:]
  ignore line: [#include <...> search starts here:]
  ignore line: [ /work_ssd/software/HPCKit/25.2.1/kutacc/bisheng/include]
  ignore line: [ /work_ssd/software/HPCKit/25.2.1/kuqcd/bisheng/include]
  ignore line: [ /work_ssd/software/HPCKit/25.2.1/kupl/bisheng/release/include]
  ignore line: [ /work_ssd/software/HPCKit/25.2.1/kudnn/bisheng/include]
  ignore line: [ /work_ssd/software/HPCKit/25.2.1/kml/bisheng/include]
  ignore line: [ .]
  ignore line: [ /usr/lib/gcc/aarch64-linux-gnu/10.3.1/../../../../include/c++/10.3.1]
  ignore line: [ /usr/lib/gcc/aarch64-linux-gnu/10.3.1/../../../../include/c++/10.3.1/aarch64-linux-gnu]
  ignore line: [ /usr/lib/gcc/aarch64-linux-gnu/10.3.1/../../../../include/c++/10.3.1/backward]
  ignore line: [ /work_ssd/software/HPCKit/25.2.1/compiler/bisheng/lib/clang/19/include]
  ignore line: [ /usr/local/include]
  ignore line: [ /usr/include]
  ignore line: [End of search list.]
  ignore line: [Linking CXX executable cmTC_b0a16]
  ignore line: [/usr/bin/cmake -E cmake_link_script CMakeFiles/cmTC_b0a16.dir/link.txt --verbose=1]
  ignore line: [/work_ssd/software/HPCKit/25.2.1/compiler/bisheng/bin/clang++ -march=armv8-a+sve   -v -rdynamic CMakeFiles/cmTC_b0a16.dir/CMakeCXXCompilerABI.cpp.o -o cmTC_b0a16 ]
  ignore line: [BiSheng Enterprise 5.0.0.2 clang version 19.1.7 (ec639bb0a2f0)]
  ignore line: [Target: aarch64-unknown-linux-gnu]
  ignore line: [Thread model: posix]
  ignore line: [InstalledDir: /work_ssd/software/HPCKit/25.2.1/compiler/bisheng/bin]
  ignore line: [Found candidate GCC installation: /usr/lib/gcc/aarch64-linux-gnu/10.3.1]
  ignore line: [Selected GCC installation: /usr/lib/gcc/aarch64-linux-gnu/10.3.1]
  ignore line: [Candidate multilib: .]
  ignore line: [@m64]
  ignore line: [Selected multilib: .]
  ignore line: [@m64]
  link line: [ "/usr/bin/ld" -EL --hash-style=gnu --eh-frame-hdr -m aarch64linux -export-dynamic -pie -dynamic-linker /lib/ld-linux-aarch64.so.1 -o cmTC_b0a16 /usr/lib/gcc/aarch64-linux-gnu/10.3.1/../../../../lib64/Scrt1.o /usr/lib/gcc/aarch64-linux-gnu/10.3.1/../../../../lib64/crti.o /usr/lib/gcc/aarch64-linux-gnu/10.3.1/crtbeginS.o -L/work_ssd/software/HPCKit/25.2.1/compiler/bisheng/bin/../lib/aarch64-unknown-linux-gnu -L/work_ssd/software/HPCKit/25.2.1/compiler/bisheng/lib/clang/19/lib/aarch64-unknown-linux-gnu -L/usr/lib/gcc/aarch64-linux-gnu/10.3.1 -L/usr/lib/gcc/aarch64-linux-gnu/10.3.1/../../../../lib64 -L/lib/aarch64-linux-gnu -L/lib/../lib64 -L/usr/lib/aarch64-linux-gnu -L/usr/lib/../lib64 -L/work_ssd/software/HPCKit/25.2.1/compiler/bisheng/bin/../lib -L/lib -L/usr/lib -L/work_ssd/software/HPCKit/25.2.1/kutacc/bisheng/lib -L/work_ssd/software/HPCKit/25.2.1/kuqcd/bisheng/lib -L/work_ssd/software/HPCKit/25.2.1/kupl/bisheng/release/lib -L/work_ssd/software/HPCKit/25.2.1/kudnn/bisheng/lib -L/work_ssd/software/HPCKit/25.2.1/kml/bisheng/lib/sme/kblas/multi -L/work_ssd/software/HPCKit/25.2.1/kml/bisheng/lib/neon -L/work_ssd/software/HPCKit/25.2.1/kml/bisheng/lib/noarch -L/work_ssd/software/HPCKit/25.2.1/kml/bisheng/lib/noarch/kvml/single -L/work_ssd/software/HPCKit/25.2.1/kml/bisheng/lib/neon/kspblas/multi -L/work_ssd/software/HPCKit/25.2.1/kml/bisheng/lib/neon/kblas/multi -L/work_ssd/software/HPCKit/25.2.1/kml/bisheng/lib CMakeFiles/cmTC_b0a16.dir/CMakeCXXCompilerABI.cpp.o -lstdc++ -lm -lgcc_s -lgcc -lc -lgcc_s -lgcc /usr/lib/gcc/aarch64-linux-gnu/10.3.1/crtendS.o /usr/lib/gcc/aarch64-linux-gnu/10.3.1/../../../../lib64/crtn.o]
    arg [/usr/bin/ld] ==> ignore
    arg [-EL] ==> ignore
    arg [--hash-style=gnu] ==> ignore
    arg [--eh-frame-hdr] ==> ignore
    arg [-m] ==> ignore
    arg [aarch64linux] ==> ignore
    arg [-export-dynamic] ==> ignore
    arg [-pie] ==> ignore
    arg [-dynamic-linker] ==> ignore
    arg [/lib/ld-linux-aarch64.so.1] ==> ignore
    arg [-o] ==> ignore
    arg [cmTC_b0a16] ==> ignore
    arg [/usr/lib/gcc/aarch64-linux-gnu/10.3.1/../../../../lib64/Scrt1.o] ==> obj [/usr/lib/gcc/aarch64-linux-gnu/10.3.1/../../../../lib64/Scrt1.o]
    arg [/usr/lib/gcc/aarch64-linux-gnu/10.3.1/../../../../lib64/crti.o] ==> obj [/usr/lib/gcc/aarch64-linux-gnu/10.3.1/../../../../lib64/crti.o]
    arg [/usr/lib/gcc/aarch64-linux-gnu/10.3.1/crtbeginS.o] ==> obj [/usr/lib/gcc/aarch64-linux-gnu/10.3.1/crtbeginS.o]
    arg [-L/work_ssd/software/HPCKit/25.2.1/compiler/bisheng/bin/../lib/aarch64-unknown-linux-gnu] ==> dir [/work_ssd/software/HPCKit/25.2.1/compiler/bisheng/bin/../lib/aarch64-unknown-linux-gnu]
    arg [-L/work_ssd/software/HPCKit/25.2.1/compiler/bisheng/lib/clang/19/lib/aarch64-unknown-linux-gnu] ==> dir [/work_ssd/software/HPCKit/25.2.1/compiler/bisheng/lib/clang/19/lib/aarch64-unknown-linux-gnu]
    arg [-L/usr/lib/gcc/aarch64-linux-gnu/10.3.1] ==> dir [/usr/lib/gcc/aarch64-linux-gnu/10.3.1]
    arg [-L/usr/lib/gcc/aarch64-linux-gnu/10.3.1/../../../../lib64] ==> dir [/usr/lib/gcc/aarch64-linux-gnu/10.3.1/../../../../lib64]
    arg [-L/lib/aarch64-linux-gnu] ==> dir [/lib/aarch64-linux-gnu]
    arg [-L/lib/../lib64] ==> dir [/lib/../lib64]
    arg [-L/usr/lib/aarch64-linux-gnu] ==> dir [/usr/lib/aarch64-linux-gnu]
    arg [-L/usr/lib/../lib64] ==> dir [/usr/lib/../lib64]
    arg [-L/work_ssd/software/HPCKit/25.2.1/compiler/bisheng/bin/../lib] ==> dir [/work_ssd/software/HPCKit/25.2.1/compiler/bisheng/bin/../lib]
    arg [-L/lib] ==> dir [/lib]
    arg [-L/usr/lib] ==> dir [/usr/lib]
    arg [-L/work_ssd/software/HPCKit/25.2.1/kutacc/bisheng/lib] ==> dir [/work_ssd/software/HPCKit/25.2.1/kutacc/bisheng/lib]
    arg [-L/work_ssd/software/HPCKit/25.2.1/kuqcd/bisheng/lib] ==> dir [/work_ssd/software/HPCKit/25.2.1/kuqcd/bisheng/lib]
    arg [-L/work_ssd/software/HPCKit/25.2.1/kupl/bisheng/release/lib] ==> dir [/work_ssd/software/HPCKit/25.2.1/kupl/bisheng/release/lib]
    arg [-L/work_ssd/software/HPCKit/25.2.1/kudnn/bisheng/lib] ==> dir [/work_ssd/software/HPCKit/25.2.1/kudnn/bisheng/lib]
    arg [-L/work_ssd/software/HPCKit/25.2.1/kml/bisheng/lib/sme/kblas/multi] ==> dir [/work_ssd/software/HPCKit/25.2.1/kml/bisheng/lib/sme/kblas/multi]
    arg [-L/work_ssd/software/HPCKit/25.2.1/kml/bisheng/lib/neon] ==> dir [/work_ssd/software/HPCKit/25.2.1/kml/bisheng/lib/neon]
    arg [-L/work_ssd/software/HPCKit/25.2.1/kml/bisheng/lib/noarch] ==> dir [/work_ssd/software/HPCKit/25.2.1/kml/bisheng/lib/noarch]
    arg [-L/work_ssd/software/HPCKit/25.2.1/kml/bisheng/lib/noarch/kvml/single] ==> dir [/work_ssd/software/HPCKit/25.2.1/kml/bisheng/lib/noarch/kvml/single]
    arg [-L/work_ssd/software/HPCKit/25.2.1/kml/bisheng/lib/neon/kspblas/multi] ==> dir [/work_ssd/software/HPCKit/25.2.1/kml/bisheng/lib/neon/kspblas/multi]
    arg [-L/work_ssd/software/HPCKit/25.2.1/kml/bisheng/lib/neon/kblas/multi] ==> dir [/work_ssd/software/HPCKit/25.2.1/kml/bisheng/lib/neon/kblas/multi]
    arg [-L/work_ssd/software/HPCKit/25.2.1/kml/bisheng/lib] ==> dir [/work_ssd/software/HPCKit/25.2.1/kml/bisheng/lib]
    arg [CMakeFiles/cmTC_b0a16.dir/CMakeCXXCompilerABI.cpp.o] ==> ignore
    arg [-lstdc++] ==> lib [stdc++]
    arg [-lm] ==> lib [m]
    arg [-lgcc_s] ==> lib [gcc_s]
    arg [-lgcc] ==> lib [gcc]
    arg [-lc] ==> lib [c]
    arg [-lgcc_s] ==> lib [gcc_s]
    arg [-lgcc] ==> lib [gcc]
    arg [/usr/lib/gcc/aarch64-linux-gnu/10.3.1/crtendS.o] ==> obj [/usr/lib/gcc/aarch64-linux-gnu/10.3.1/crtendS.o]
    arg [/usr/lib/gcc/aarch64-linux-gnu/10.3.1/../../../../lib64/crtn.o] ==> obj [/usr/lib/gcc/aarch64-linux-gnu/10.3.1/../../../../lib64/crtn.o]
  collapse obj [/usr/lib/gcc/aarch64-linux-gnu/10.3.1/../../../../lib64/Scrt1.o] ==> [/usr/lib64/Scrt1.o]
  collapse obj [/usr/lib/gcc/aarch64-linux-gnu/10.3.1/../../../../lib64/crti.o] ==> [/usr/lib64/crti.o]
  collapse obj [/usr/lib/gcc/aarch64-linux-gnu/10.3.1/../../../../lib64/crtn.o] ==> [/usr/lib64/crtn.o]
  collapse library dir [/work_ssd/software/HPCKit/25.2.1/compiler/bisheng/bin/../lib/aarch64-unknown-linux-gnu] ==> [/work_ssd/software/HPCKit/25.2.1/compiler/bisheng/lib/aarch64-unknown-linux-gnu]
  collapse library dir [/work_ssd/software/HPCKit/25.2.1/compiler/bisheng/lib/clang/19/lib/aarch64-unknown-linux-gnu] ==> [/work_ssd/software/HPCKit/25.2.1/compiler/bisheng/lib/clang/19/lib/aarch64-unknown-linux-gnu]
  collapse library dir [/usr/lib/gcc/aarch64-linux-gnu/10.3.1] ==> [/usr/lib/gcc/aarch64-linux-gnu/10.3.1]
  collapse library dir [/usr/lib/gcc/aarch64-linux-gnu/10.3.1/../../../../lib64] ==> [/usr/lib64]
  collapse library dir [/lib/aarch64-linux-gnu] ==> [/lib/aarch64-linux-gnu]
  collapse library dir [/lib/../lib64] ==> [/lib64]
  collapse library dir [/usr/lib/aarch64-linux-gnu] ==> [/usr/lib/aarch64-linux-gnu]
  collapse library dir [/usr/lib/../lib64] ==> [/usr/lib64]
  collapse library dir [/work_ssd/software/HPCKit/25.2.1/compiler/bisheng/bin/../lib] ==> [/work_ssd/software/HPCKit/25.2.1/compiler/bisheng/lib]
  collapse library dir [/lib] ==> [/lib]
  collapse library dir [/usr/lib] ==> [/usr/lib]
  collapse library dir [/work_ssd/software/HPCKit/25.2.1/kutacc/bisheng/lib] ==> [/work_ssd/software/HPCKit/25.2.1/kutacc/bisheng/lib]
  collapse library dir [/work_ssd/software/HPCKit/25.2.1/kuqcd/bisheng/lib] ==> [/work_ssd/software/HPCKit/25.2.1/kuqcd/bisheng/lib]
  collapse library dir [/work_ssd/software/HPCKit/25.2.1/kupl/bisheng/release/lib] ==> [/work_ssd/software/HPCKit/25.2.1/kupl/bisheng/release/lib]
  collapse library dir [/work_ssd/software/HPCKit/25.2.1/kudnn/bisheng/lib] ==> [/work_ssd/software/HPCKit/25.2.1/kudnn/bisheng/lib]
  collapse library dir [/work_ssd/software/HPCKit/25.2.1/kml/bisheng/lib/sme/kblas/multi] ==> [/work_ssd/software/HPCKit/25.2.1/kml/bisheng/lib/sme/kblas/multi]
  collapse library dir [/work_ssd/software/HPCKit/25.2.1/kml/bisheng/lib/neon] ==> [/work_ssd/software/HPCKit/25.2.1/kml/bisheng/lib/neon]
  collapse library dir [/work_ssd/software/HPCKit/25.2.1/kml/bisheng/lib/noarch] ==> [/work_ssd/software/HPCKit/25.2.1/kml/bisheng/lib/noarch]
  collapse library dir [/work_ssd/software/HPCKit/25.2.1/kml/bisheng/lib/noarch/kvml/single] ==> [/work_ssd/software/HPCKit/25.2.1/kml/bisheng/lib/noarch/kvml/single]
  collapse library dir [/work_ssd/software/HPCKit/25.2.1/kml/bisheng/lib/neon/kspblas/multi] ==> [/work_ssd/software/HPCKit/25.2.1/kml/bisheng/lib/neon/kspblas/multi]
  collapse library dir [/work_ssd/software/HPCKit/25.2.1/kml/bisheng/lib/neon/kblas/multi] ==> [/work_ssd/software/HPCKit/25.2.1/kml/bisheng/lib/neon/kblas/multi]
  collapse library dir [/work_ssd/software/HPCKit/25.2.1/kml/bisheng/lib] ==> [/work_ssd/software/HPCKit/25.2.1/kml/bisheng/lib]
  implicit libs: [stdc++;m;gcc_s;gcc;c;gcc_s;gcc]
  implicit objs: [/usr/lib64/Scrt1.o;/usr/lib64/crti.o;/usr/lib/gcc/aarch64-linux-gnu/10.3.1/crtbeginS.o;/usr/lib/gcc/aarch64-linux-gnu/10.3.1/crtendS.o;/usr/lib64/crtn.o]
  implicit dirs: [/work_ssd/software/HPCKit/25.2.1/compiler/bisheng/lib/aarch64-unknown-linux-gnu;/work_ssd/software/HPCKit/25.2.1/compiler/bisheng/lib/clang/19/lib/aarch64-unknown-linux-gnu;/usr/lib/gcc/aarch64-linux-gnu/10.3.1;/usr/lib64;/lib/aarch64-linux-gnu;/lib64;/usr/lib/aarch64-linux-gnu;/work_ssd/software/HPCKit/25.2.1/compiler/bisheng/lib;/lib;/usr/lib;/work_ssd/software/HPCKit/25.2.1/kutacc/bisheng/lib;/work_ssd/software/HPCKit/25.2.1/kuqcd/bisheng/lib;/work_ssd/software/HPCKit/25.2.1/kupl/bisheng/release/lib;/work_ssd/software/HPCKit/25.2.1/kudnn/bisheng/lib;/work_ssd/software/HPCKit/25.2.1/kml/bisheng/lib/sme/kblas/multi;/work_ssd/software/HPCKit/25.2.1/kml/bisheng/lib/neon;/work_ssd/software/HPCKit/25.2.1/kml/bisheng/lib/noarch;/work_ssd/software/HPCKit/25.2.1/kml/bisheng/lib/noarch/kvml/single;/work_ssd/software/HPCKit/25.2.1/kml/bisheng/lib/neon/kspblas/multi;/work_ssd/software/HPCKit/25.2.1/kml/bisheng/lib/neon/kblas/multi;/work_ssd/software/HPCKit/25.2.1/kml/bisheng/lib]
  implicit fwks: []


